ORDER_PLACED_DTTM,PRODUCT_PART_NUMBER,TOTAL_UNITS,LIST_PRICE,RATING_AVG,RATING_CNT,TOTAL_CURRENT_ON_HAND
2022-12-07,119091,19.0,29.99,4.4128,109.0,949
2022-12-08,119091,13.0,29.99,4.4128,109.0,981
2022-12-09,119091,22.0,29.99,4.4128,109.0,1077
2022-12-10,119091,13.0,29.99,4.4128,109.0,1106
2022-12-11,119091,16.0,29.99,4.4128,109.0,1170
2022-12-12,119091,16.0,29.99,4.4128,109.0,1157
2022-12-13,119091,17.0,29.99,4.4128,109.0,1142
2022-12-14,119091,24.0,29.99,4.4128,109.0,1120
2022-12-15,119091,25.0,29.99,4.4128,109.0,1097
2022-12-16,119091,6.0,29.99,4.4128,109.0,1090
2022-12-17,119091,21.0,29.99,4.4128,109.0,1072
2022-12-18,119091,15.0,29.99,4.4128,109.0,1058
2022-12-19,119091,18.0,29.99,4.4128,109.0,1042
2022-12-20,119091,24.0,29.99,4.4128,109.0,1023
2022-12-21,119091,17.0,29.99,4.4128,109.0,1008
2022-12-22,119091,11.0,29.99,4.4128,109.0,890
2022-12-23,119091,12.0,29.99,4.4128,109.0,993
2022-12-24,119091,13.0,29.99,4.4128,109.0,1016
2022-12-25,119091,1.0,29.99,4.3909,110.0,1014
2022-12-26,119091,14.0,29.99,4.3909,110.0,1000
2022-12-27,119091,15.0,29.99,4.3909,110.0,988
2022-12-28,119091,17.0,29.99,4.3874,111.0,968
2022-12-29,119091,23.0,29.99,4.3874,111.0,952
2022-12-30,119091,11.0,29.99,4.3874,111.0,941
2022-12-31,119091,21.0,29.99,4.3874,111.0,922
2023-01-01,119091,11.0,29.99,4.3874,111.0,911
2023-01-02,119091,15.0,29.99,4.3874,111.0,896
2023-01-03,119091,19.0,29.99,4.3874,111.0,880
2023-01-04,119091,10.0,29.99,4.3874,111.0,874
2023-01-05,119091,25.0,29.99,4.3874,111.0,887
2023-01-06,119091,14.0,29.99,4.3874,111.0,873
2023-01-07,119091,8.0,29.99,4.3874,111.0,906
2023-01-08,119091,21.0,29.99,4.3874,111.0,889
2023-01-09,119091,18.0,29.99,4.3874,111.0,873
2023-01-10,119091,24.0,29.99,4.3874,111.0,852
2023-01-11,119091,23.0,29.99,4.3874,111.0,869
2023-01-12,119091,18.0,29.99,4.3874,111.0,854
2023-01-13,119091,20.0,29.99,4.3874,111.0,836
2023-01-14,119091,14.0,29.99,4.3874,111.0,904
2023-01-15,119091,21.0,29.99,4.3874,111.0,883
2023-01-16,119091,15.0,29.99,4.3874,111.0,869
2023-01-17,119091,14.0,29.99,4.3874,111.0,860
2023-01-18,119091,18.0,29.99,4.3874,111.0,842
2023-01-19,119091,17.0,29.99,4.3874,111.0,827
2023-01-20,119091,18.0,29.99,4.3874,111.0,811
2023-01-21,119091,11.0,29.99,4.3874,111.0,799
2023-01-22,119091,13.0,29.99,4.3874,111.0,769
2023-01-23,119091,15.0,29.99,4.3874,111.0,756
2023-01-24,119091,16.0,29.99,4.3874,111.0,740
2023-01-25,119091,12.0,29.99,4.3874,111.0,732
2023-01-26,119091,18.0,29.99,4.3874,111.0,715
2023-01-27,119091,14.0,29.99,4.3929,112.0,745
2023-01-28,119091,12.0,29.99,4.3929,112.0,730
2023-01-29,119091,23.0,29.99,4.3929,112.0,709
2023-01-30,119091,14.0,29.99,4.3929,112.0,698
2023-01-31,119091,17.0,29.99,4.3929,112.0,686
2023-02-01,119091,21.0,29.99,4.3929,112.0,665
2023-02-02,119091,18.0,29.99,4.3421,114.0,648
2023-02-03,119091,19.0,29.99,4.3421,114.0,652
2023-02-04,119091,20.0,29.99,4.3421,114.0,672
2023-02-05,119091,18.0,29.99,4.3421,114.0,654
2023-02-06,119091,19.0,29.99,4.3421,114.0,634
2023-02-07,119091,12.0,29.99,4.3421,114.0,626
2023-02-08,119091,11.0,29.99,4.3421,114.0,614
2023-02-09,119091,18.0,29.99,4.3421,114.0,599
2023-02-10,119091,14.0,29.99,4.3421,114.0,585
2023-02-11,119091,19.0,29.99,4.3421,114.0,571
2023-02-12,119091,16.0,29.99,4.3421,114.0,553
2023-02-13,119091,21.0,29.99,4.3421,114.0,536
2023-02-14,119091,12.0,29.99,4.3421,114.0,528
2023-02-15,119091,10.0,29.99,4.3421,114.0,516
2023-02-16,119091,25.0,29.99,4.3421,114.0,575
2023-02-17,119091,19.0,29.99,4.3421,114.0,641
2023-02-18,119091,7.0,29.99,4.3421,114.0,632
2023-02-19,119091,15.0,29.99,4.3421,114.0,615
2023-02-20,119091,18.0,29.99,4.3421,114.0,598
2023-02-21,119091,14.0,29.99,4.3421,114.0,584
2023-02-22,119091,15.0,29.99,4.3421,114.0,570
2023-02-23,119091,11.0,29.99,4.3421,114.0,561
2023-02-24,119091,13.0,29.99,4.3421,114.0,593
2023-02-25,119091,14.0,29.99,4.3421,114.0,579
2023-02-26,119091,16.0,29.99,4.3421,114.0,585
2023-02-27,119091,17.0,29.99,4.3421,114.0,580
2023-02-28,119091,16.0,29.99,4.3421,114.0,555
2023-03-01,119091,18.0,29.99,4.3421,114.0,577
2023-03-02,119091,29.0,29.99,4.3421,114.0,553
2023-03-03,119091,15.0,29.99,4.3421,114.0,555
2023-03-04,119091,11.0,29.99,4.3421,114.0,606
2023-03-05,119091,16.0,29.99,4.3421,114.0,591
2023-03-06,119091,13.0,29.99,4.3421,114.0,579
2023-03-07,119091,13.0,29.99,4.3421,114.0,569
2023-03-08,119091,16.0,29.99,4.3421,114.0,595
2023-03-09,119091,13.0,29.99,4.3421,114.0,582
2023-03-10,119091,14.0,29.99,4.3421,114.0,607
2023-03-11,119091,21.0,29.99,4.3421,114.0,595
2023-03-12,119091,21.0,29.99,4.3421,114.0,575
2023-03-13,119091,18.0,29.99,4.3421,114.0,547
2023-03-14,119091,12.0,29.99,4.3421,114.0,538
2023-03-15,119091,19.0,29.99,4.3421,114.0,525
2023-03-16,119091,22.0,29.99,4.3421,114.0,542
2023-03-17,119091,16.0,29.99,4.3421,114.0,606
2023-03-18,119091,15.0,29.99,4.3421,114.0,590
2023-03-19,119091,16.0,29.99,4.3421,114.0,573
2023-03-20,119091,15.0,29.99,4.3421,114.0,557
2023-03-21,119091,23.0,29.99,4.3421,114.0,535
2023-03-22,119091,16.0,29.99,4.3421,114.0,559
2023-03-23,119091,13.0,29.99,4.3421,114.0,589
2023-03-24,119091,14.0,29.99,4.3421,114.0,578
2023-03-25,119091,14.0,29.99,4.3421,114.0,608
2023-03-26,119091,21.0,29.99,4.3304,115.0,579
2023-03-27,119091,20.0,29.99,4.3304,115.0,569
2023-03-28,119091,13.0,29.99,4.3304,115.0,546
2023-03-29,119091,16.0,29.99,4.3304,115.0,530
2023-03-30,119091,12.0,29.99,4.3304,115.0,517
2023-03-31,119091,13.0,29.99,4.3304,115.0,588
2023-04-01,119091,16.0,29.99,4.3304,115.0,611
2023-04-02,119091,17.0,29.99,4.3304,115.0,594
2023-04-03,119091,20.0,29.99,4.3304,115.0,574
2023-04-04,119091,6.0,29.99,4.3304,115.0,568
2023-04-05,119091,15.0,29.99,4.3304,115.0,552
2023-04-06,119091,21.0,29.99,4.3304,115.0,536
2023-04-07,119091,11.0,29.99,4.3304,115.0,564
2023-04-08,119091,11.0,29.99,4.3304,115.0,554
2023-04-09,119091,10.0,29.99,4.3304,115.0,544
2023-04-10,119091,15.0,29.99,4.3304,115.0,527
2023-04-11,119091,14.0,29.99,4.3304,115.0,514
2023-04-12,119091,10.0,29.99,4.3304,115.0,665
2023-04-13,119091,22.0,29.99,4.3304,115.0,764
2023-04-14,119091,18.0,29.99,4.3304,115.0,867
2023-04-15,119091,12.0,29.99,4.3304,115.0,899
2023-04-16,119091,15.0,29.99,4.3304,115.0,885
2023-04-17,119091,10.0,29.99,4.3304,115.0,875
2023-04-18,119091,21.0,29.99,4.3304,115.0,856
2023-04-19,119091,7.0,29.99,4.3304,115.0,847
2023-04-20,119091,20.0,29.99,4.3304,115.0,834
2023-04-21,119091,13.0,29.99,4.3304,115.0,822
2023-04-22,119091,10.0,29.99,4.3304,115.0,811
2023-04-23,119091,16.0,29.99,4.3304,115.0,796
2023-04-24,119091,20.0,29.99,4.3304,115.0,781
2023-04-25,119091,19.0,29.99,4.3304,115.0,755
2023-04-26,119091,10.0,29.99,4.3304,115.0,748
2023-04-27,119091,28.0,29.99,4.3304,115.0,724
2023-04-28,119091,20.0,29.99,4.3304,115.0,821
2023-04-29,119091,5.0,29.99,4.3304,115.0,895
2023-04-30,119091,20.0,29.99,4.3304,115.0,875
2023-05-01,119091,15.0,29.99,4.3304,115.0,858
2023-05-02,119091,22.0,29.99,4.3304,115.0,838
2023-05-03,119091,16.0,29.99,4.3276,116.0,821
2023-05-04,119091,17.0,29.99,4.3276,116.0,844
2023-05-05,119091,13.0,29.99,4.3276,116.0,830
2023-05-06,119091,14.0,29.99,4.3276,116.0,858
2023-05-07,119091,18.0,29.99,4.3276,116.0,839
2023-05-08,119091,22.0,29.99,4.3276,116.0,820
2023-05-09,119091,10.0,29.99,4.3276,116.0,805
2023-05-10,119091,16.0,29.99,4.3333,117.0,793
2023-05-11,119091,18.0,29.99,4.3333,117.0,774
2023-05-12,119091,14.0,29.99,4.3333,117.0,761
2023-05-13,119091,14.0,29.99,4.3333,117.0,746
2023-05-14,119091,11.0,29.99,4.3333,117.0,737
2023-05-15,119091,12.0,29.99,4.3333,117.0,724
2023-05-16,119091,12.0,29.99,4.3333,117.0,710
2023-05-17,119091,15.0,29.99,4.3333,117.0,701
2023-05-18,119091,17.0,29.99,4.3333,117.0,680
2023-05-19,119091,25.0,29.99,4.3333,117.0,656
2023-05-20,119091,13.0,29.99,4.3333,117.0,643
2023-05-21,119091,11.0,29.99,4.3333,117.0,633
2023-05-22,119091,21.0,29.99,4.3333,117.0,611
2023-05-23,119091,11.0,29.99,4.3333,117.0,597
2023-05-24,119091,31.0,29.99,4.3333,117.0,573
2023-05-25,119091,12.0,29.99,4.3333,117.0,651
2023-05-26,119091,7.0,29.99,4.3333,117.0,747
2023-05-27,119091,16.0,29.99,4.339,118.0,733
2023-05-28,119091,16.0,29.99,4.339,118.0,716
2023-05-29,119091,15.0,29.99,4.339,118.0,822
2023-05-30,119091,14.0,29.99,4.339,118.0,807
2023-05-31,119091,30.0,29.99,4.339,118.0,778
2023-06-01,119091,13.0,29.99,4.339,118.0,763
2023-06-02,119091,12.0,29.99,4.339,118.0,749
2023-06-03,119091,13.0,29.99,4.339,118.0,737
2023-06-04,119091,15.0,29.99,4.339,118.0,722
2023-06-05,119091,25.0,29.99,4.339,118.0,710
2023-06-06,119091,16.0,29.99,4.339,118.0,682
2023-06-07,119091,15.0,29.99,4.339,118.0,667
2023-06-08,119091,17.0,29.99,4.339,118.0,629
2023-06-09,119091,18.0,29.99,4.339,118.0,649
2023-06-10,119091,16.0,29.99,4.339,118.0,636
2023-06-11,119091,13.0,29.99,4.339,118.0,623
2023-06-12,119091,17.0,29.99,4.339,118.0,630
2023-06-13,119091,13.0,29.99,4.339,118.0,612
2023-06-14,119091,14.0,29.99,4.339,118.0,596
2023-06-15,119091,22.0,29.99,4.339,118.0,578
2023-06-16,119091,23.0,29.99,4.339,118.0,552
2023-06-17,119091,17.0,29.99,4.339,118.0,537
2023-06-18,119091,9.0,29.99,4.339,118.0,528
2023-06-19,119091,20.0,29.99,4.339,118.0,479
2023-06-20,119091,16.0,29.99,4.339,118.0,494
2023-06-21,119091,15.0,29.99,4.339,118.0,557
2023-06-22,119091,15.0,29.99,4.339,118.0,538
2023-06-23,119091,17.0,29.99,4.339,118.0,560
2023-06-24,119091,15.0,29.99,4.339,118.0,547
2023-06-25,119091,23.0,29.99,4.339,118.0,522
2023-06-26,119091,18.0,29.99,4.339,118.0,510
2023-06-27,119091,12.0,29.99,4.339,118.0,614
2023-06-28,119091,17.0,29.99,4.339,118.0,719
2023-06-29,119091,18.0,29.99,4.339,118.0,700
2023-06-30,119091,19.0,29.99,4.339,118.0,801
2023-07-01,119091,15.0,29.99,4.339,118.0,786
2023-07-02,119091,12.0,29.99,4.339,118.0,774
2023-07-03,119091,9.0,29.99,4.339,118.0,768
2023-07-04,119091,11.0,29.99,4.339,118.0,755
2023-07-05,119091,21.0,29.99,4.339,118.0,733
2023-07-06,119091,16.0,29.99,4.339,118.0,717
2023-07-07,119091,17.0,29.99,4.339,118.0,700
2023-07-08,119091,15.0,29.99,4.339,118.0,806
2023-07-09,119091,14.0,29.99,4.339,118.0,787
2023-07-10,119091,16.0,29.99,4.339,118.0,773
2023-07-11,119091,15.0,29.99,4.339,118.0,759
2023-07-12,119091,14.0,29.99,4.339,118.0,785
2023-07-13,119091,12.0,29.99,4.339,118.0,772
2023-07-14,119091,14.0,29.99,4.339,118.0,878
2023-07-15,119091,11.0,29.99,4.339,118.0,867
2023-07-16,119091,12.0,29.99,4.339,118.0,895
2023-07-17,119091,19.0,29.99,4.339,118.0,881
2023-07-18,119091,21.0,29.99,4.339,118.0,855
2023-07-19,119091,11.0,29.99,4.339,118.0,847
2023-07-20,119091,18.0,29.99,4.339,118.0,847
2023-07-21,119091,13.0,29.99,4.339,118.0,815
2023-07-22,119091,13.0,29.99,4.339,118.0,799
2023-07-23,119091,23.0,29.99,4.339,118.0,779
2023-07-24,119091,21.0,29.99,4.339,118.0,879
2023-07-25,119091,13.0,29.99,4.339,118.0,866
2023-07-26,119091,8.0,29.99,4.339,118.0,857
2023-07-27,119091,13.0,29.99,4.339,118.0,884
2023-07-28,119091,13.0,29.99,4.339,118.0,912
2023-07-29,119091,15.0,29.99,4.339,118.0,897
2023-07-30,119091,11.0,29.99,4.339,118.0,885
2023-07-31,119091,20.0,29.99,4.339,118.0,867
2023-08-01,119091,17.0,29.99,4.339,118.0,849
2023-08-02,119091,19.0,29.99,4.339,118.0,909
2023-08-03,119091,14.0,29.99,4.339,118.0,894
2023-08-04,119091,17.0,29.99,4.339,118.0,877
2023-08-05,119091,12.0,29.99,4.339,118.0,865
2023-08-06,119091,11.0,29.99,4.339,118.0,854
2023-08-07,119091,20.0,29.99,4.339,118.0,836
2023-08-08,119091,20.0,29.99,4.339,118.0,816
2023-08-09,119091,15.0,29.99,4.339,118.0,799
2023-08-10,119091,19.0,29.99,4.339,118.0,863
2023-08-11,119091,18.0,29.99,4.339,118.0,886
2023-08-12,119091,23.0,29.99,4.339,118.0,863
2023-08-13,119091,17.0,29.99,4.339,118.0,847
2023-08-14,119091,20.0,29.99,4.339,118.0,826
2023-08-15,119091,19.0,29.99,4.339,118.0,806
2023-08-16,119091,11.0,29.99,4.339,118.0,795
2023-08-17,119091,13.0,29.99,4.339,118.0,860
2023-08-18,119091,20.0,29.99,4.339,118.0,841
2023-08-19,119091,20.0,29.99,4.339,118.0,830
2023-08-20,119091,15.0,29.99,4.339,118.0,816
2023-08-21,119091,13.0,29.99,4.339,118.0,831
2023-08-22,119091,18.0,29.99,4.339,118.0,812
2023-08-23,119091,6.0,29.99,4.339,118.0,806
2023-08-24,119091,10.0,29.99,4.339,118.0,796
2023-08-25,119091,15.0,29.99,4.339,118.0,780
2023-08-26,119091,20.0,29.99,4.339,118.0,761
2023-08-27,119091,14.0,29.99,4.339,118.0,745
2023-08-28,119091,12.0,29.99,4.339,118.0,740
2023-08-29,119091,19.0,29.99,4.339,118.0,714
2023-08-30,119091,15.0,29.99,4.339,118.0,740
2023-08-31,119091,19.0,29.99,4.339,118.0,716
2023-09-01,119091,14.0,29.99,4.339,118.0,707
2023-09-02,119091,14.0,29.99,4.339,118.0,692
2023-09-03,119091,9.0,29.99,4.339,118.0,684
2023-09-04,119091,17.0,29.99,4.339,118.0,666
2023-09-05,119091,7.0,29.99,4.339,118.0,660
2023-09-06,119091,11.0,29.99,4.339,118.0,729
2023-09-07,119091,14.0,29.99,4.339,118.0,715
2023-09-08,119091,19.0,29.99,4.339,118.0,735
2023-09-09,119091,16.0,29.99,4.339,118.0,721
2023-09-10,119091,16.0,29.99,4.339,118.0,704
2023-09-11,119091,12.0,29.99,4.339,118.0,692
2023-09-12,119091,17.0,29.99,4.339,118.0,676
2023-09-13,119091,11.0,29.99,4.339,118.0,666
2023-09-14,119091,14.0,29.99,4.339,118.0,730
2023-09-15,119091,20.0,29.99,4.339,118.0,712
2023-09-16,119091,14.0,29.99,4.339,118.0,776
2023-09-17,119091,19.0,29.99,4.339,118.0,756
2023-09-18,119091,15.0,29.99,4.339,118.0,742
2023-09-19,119091,10.0,29.99,4.339,118.0,732
2023-09-20,119091,13.0,29.99,4.339,118.0,719
2023-09-21,119091,14.0,29.99,4.339,118.0,706
2023-09-22,119091,16.0,29.99,4.339,118.0,688
2023-09-23,119091,10.0,29.99,4.339,118.0,679
2023-09-24,119091,19.0,29.99,4.339,118.0,658
2023-09-25,119091,10.0,29.99,4.339,118.0,652
2023-09-26,119091,13.0,29.99,4.339,118.0,638
2023-09-27,119091,15.0,29.99,4.339,118.0,622
2023-09-28,119091,22.0,29.99,4.339,118.0,614
2023-09-29,119091,26.0,29.99,4.339,118.0,692
2023-09-30,119091,26.0,29.99,4.339,118.0,668
2023-10-01,119091,10.0,29.99,4.339,118.0,659
2023-10-02,119091,13.0,29.99,4.339,118.0,646
2023-10-03,119091,20.0,29.99,4.339,118.0,664
2023-10-04,119091,19.0,29.99,4.339,118.0,647
2023-10-05,119091,16.0,29.99,4.339,118.0,630
2023-10-06,119091,11.0,29.99,4.339,118.0,659
2023-10-07,119091,25.0,29.99,4.339,118.0,634
2023-10-08,119091,8.0,29.99,4.339,118.0,627
2023-10-09,119091,18.0,29.99,4.339,118.0,609
2023-10-10,119091,19.0,29.99,4.339,118.0,630
2023-10-11,119091,12.0,29.99,4.339,118.0,618
2023-10-12,119091,12.0,29.99,4.339,118.0,645
2023-10-13,119091,15.0,29.99,4.339,118.0,632
2023-10-14,119091,21.0,29.99,4.339,118.0,608
2023-10-15,119091,21.0,29.99,4.339,118.0,587
2023-10-16,119091,20.0,29.99,4.339,118.0,568
2023-10-17,119091,18.0,29.99,4.339,118.0,551
2023-10-18,119091,17.0,29.99,4.339,118.0,538
2023-10-19,119091,11.0,29.99,4.339,118.0,603
2023-10-20,119091,13.0,29.99,4.339,118.0,707
2023-10-21,119091,15.0,29.99,4.339,118.0,735
2023-10-22,119091,12.0,29.99,4.339,118.0,723
2023-10-23,119091,9.0,29.99,4.339,118.0,714
2023-10-24,119091,23.0,29.99,4.339,118.0,694
2023-10-25,119091,16.0,29.99,4.339,118.0,676
2023-10-26,119091,16.0,29.99,4.339,118.0,663
2023-10-27,119091,18.0,29.99,4.339,118.0,644
2023-10-28,119091,20.0,29.99,4.339,118.0,622
2023-10-29,119091,16.0,29.99,4.339,118.0,606
2023-10-30,119091,14.0,29.99,4.339,118.0,596
2023-10-31,119091,16.0,29.99,4.339,118.0,578
2023-11-01,119091,16.0,29.99,4.339,118.0,573
2023-11-02,119091,15.0,29.99,4.339,118.0,554
2023-11-03,119091,21.0,29.99,4.339,118.0,536
2023-11-04,119091,12.0,29.99,4.339,118.0,523
2023-11-05,119091,13.0,29.99,4.339,118.0,511
2023-11-06,119091,13.0,29.99,4.3443,122.0,495
2023-11-07,119091,24.0,29.99,4.3443,122.0,555
2023-11-08,119091,13.0,29.99,4.3443,122.0,535
2023-11-09,119091,23.0,29.99,4.3443,122.0,641
2023-11-10,119091,10.0,29.99,4.3496,123.0,629
2023-11-11,119091,10.0,29.99,4.3548,124.0,619
2023-11-12,119091,16.0,29.99,4.3548,124.0,642
2023-11-13,119091,16.0,29.99,4.3548,124.0,672
2023-11-14,119091,18.0,29.99,4.3548,124.0,649
2023-11-15,119091,7.0,29.99,4.3548,124.0,642
2023-11-16,119091,5.0,29.99,4.3548,124.0,632
2023-11-17,119091,18.0,29.99,4.3548,124.0,616
2023-11-18,119091,13.0,29.99,4.3548,124.0,602
2023-11-19,119091,8.0,29.99,4.3548,124.0,594
2023-11-20,119091,12.0,29.99,4.3548,124.0,584
2023-11-21,119091,13.0,29.99,4.3548,124.0,574
2023-11-22,119091,18.0,29.99,4.36,125.0,597
2023-11-23,119091,14.0,29.99,4.36,125.0,584
2023-11-24,119091,22.0,29.99,4.36,125.0,560
2023-11-25,119091,23.0,29.99,4.3651,126.0,536
2023-11-26,119091,13.0,29.99,4.3651,126.0,560
2023-11-27,119091,21.0,29.99,4.3651,126.0,541
2023-11-28,119091,19.0,29.99,4.3651,126.0,517
2023-11-29,119091,12.0,29.99,4.3651,126.0,505
2023-11-30,119091,13.0,29.99,4.3651,126.0,536
2023-12-01,119091,14.0,29.99,4.3651,126.0,521
2023-12-02,119091,10.0,29.99,4.3651,126.0,548
2023-12-03,119091,16.0,29.99,4.3651,126.0,534
2023-12-04,119091,12.0,29.99,4.3651,126.0,521
2023-12-05,119091,23.0,29.99,4.375,128.0,540
2023-12-06,119091,7.0,29.99,4.375,128.0,613
2023-12-07,119091,17.0,29.99,4.375,128.0,598
2022-12-07,328613,16.0,78.59,4.6863,51.0,982
2022-12-08,328613,17.0,78.59,4.6863,51.0,971
2022-12-09,328613,10.0,78.59,4.6863,51.0,961
2022-12-10,328613,16.0,78.59,4.6863,51.0,947
2022-12-11,328613,10.0,78.59,4.6863,51.0,936
2022-12-12,328613,9.0,78.59,4.6863,51.0,927
2022-12-13,328613,13.0,78.59,4.6863,51.0,914
2022-12-14,328613,11.0,78.59,4.6863,51.0,901
2022-12-15,328613,12.0,78.59,4.6863,51.0,891
2022-12-16,328613,8.0,78.59,4.6863,51.0,862
2022-12-17,328613,22.0,78.59,4.6863,51.0,839
2022-12-18,328613,11.0,78.59,4.6923,52.0,832
2022-12-19,328613,10.0,78.59,4.6923,52.0,823
2022-12-20,328613,16.0,78.59,4.6923,52.0,810
2022-12-21,328613,12.0,78.59,4.6923,52.0,798
2022-12-22,328613,22.0,78.59,4.6923,52.0,787
2022-12-23,328613,17.0,78.59,4.6923,52.0,925
2022-12-24,328613,16.0,78.59,4.6923,52.0,908
2022-12-25,328613,4.0,78.59,4.6923,52.0,903
2022-12-26,328613,14.0,78.59,4.6923,52.0,912
2022-12-27,328613,22.0,78.59,4.6923,52.0,892
2022-12-28,328613,14.0,78.59,4.6923,52.0,873
2022-12-29,328613,24.0,78.59,4.6923,52.0,847
2022-12-30,328613,23.0,78.59,4.6923,52.0,831
2022-12-31,328613,21.0,78.59,4.6923,52.0,814
2023-01-01,328613,16.0,78.59,4.6981,53.0,799
2023-01-02,328613,18.0,78.59,4.6981,53.0,780
2023-01-03,328613,24.0,78.59,4.6981,53.0,754
2023-01-04,328613,18.0,78.59,4.6981,53.0,748
2023-01-05,328613,14.0,78.59,4.6981,53.0,724
2023-01-06,328613,19.0,78.59,4.6981,53.0,787
2023-01-07,328613,21.0,78.59,4.6981,53.0,768
2023-01-08,328613,19.0,78.59,4.6981,53.0,752
2023-01-09,328613,15.0,78.59,4.6981,53.0,735
2023-01-10,328613,14.0,78.59,4.6981,53.0,724
2023-01-11,328613,14.0,78.59,4.6981,53.0,768
2023-01-12,328613,12.0,78.59,4.6981,53.0,716
2023-01-13,328613,21.0,78.59,4.6981,53.0,699
2023-01-14,328613,12.0,78.59,4.6981,53.0,687
2023-01-15,328613,11.0,78.59,4.6981,53.0,678
2023-01-16,328613,19.0,78.59,4.6981,53.0,716
2023-01-17,328613,22.0,78.59,4.6981,53.0,682
2023-01-18,328613,20.0,78.59,4.6981,53.0,743
2023-01-19,328613,21.0,78.59,4.6981,53.0,719
2023-01-20,328613,19.0,78.59,4.6981,53.0,731
2023-01-21,328613,29.0,78.59,4.7037,54.0,704
2023-01-22,328613,15.0,78.59,4.7037,54.0,690
2023-01-23,328613,18.0,78.59,4.7037,54.0,848
2023-01-24,328613,15.0,78.59,4.7037,54.0,830
2023-01-25,328613,19.0,78.59,4.7037,54.0,817
2023-01-26,328613,19.0,78.59,4.7091,55.0,792
2023-01-27,328613,16.0,78.59,4.7091,55.0,779
2023-01-28,328613,20.0,78.59,4.7091,55.0,763
2023-01-29,328613,15.0,78.59,4.7091,55.0,750
2023-01-30,328613,17.0,78.59,4.7091,55.0,730
2023-01-31,328613,24.0,78.59,4.7091,55.0,705
2023-02-01,328613,26.0,78.59,4.7091,55.0,844
2023-02-02,328613,22.0,78.59,4.6429,56.0,833
2023-02-03,328613,18.0,78.59,4.6429,56.0,818
2023-02-04,328613,16.0,78.59,4.6429,56.0,805
2023-02-05,328613,21.0,78.59,4.6429,56.0,787
2023-02-06,328613,20.0,78.59,4.6429,56.0,768
2023-02-07,328613,12.0,78.59,4.6429,56.0,840
2023-02-08,328613,14.0,78.59,4.6429,56.0,828
2023-02-09,328613,22.0,78.59,4.6429,56.0,889
2023-02-10,328613,6.0,78.59,4.6429,56.0,884
2023-02-11,328613,14.0,78.59,4.6429,56.0,871
2023-02-12,328613,5.0,78.59,4.6429,56.0,866
2023-02-13,328613,20.0,78.59,4.6429,56.0,849
2023-02-14,328613,17.0,78.59,4.6429,56.0,987
2023-02-15,328613,9.0,78.59,4.6491,57.0,976
2023-02-16,328613,21.0,78.59,4.6491,57.0,1040
2023-02-17,328613,13.0,78.59,4.6491,57.0,1029
2023-02-18,328613,9.0,78.59,4.6491,57.0,1024
2023-02-19,328613,17.0,78.59,4.6491,57.0,1003
2023-02-20,328613,9.0,78.59,4.6491,57.0,996
2023-02-21,328613,16.0,78.59,4.6491,57.0,1058
2023-02-22,328613,14.0,78.59,4.6491,57.0,1202
2023-02-23,328613,16.0,78.59,4.6491,57.0,1349
2023-02-24,328613,13.0,78.59,4.6491,57.0,1415
2023-02-25,328613,15.0,78.59,4.6491,57.0,1398
2023-02-26,328613,15.0,78.59,4.6491,57.0,1383
2023-02-27,328613,23.0,78.59,4.6491,57.0,1364
2023-02-28,328613,17.0,78.59,4.6491,57.0,1328
2023-03-01,328613,18.0,78.59,4.6491,57.0,1322
2023-03-02,328613,14.0,78.59,4.6491,57.0,1307
2023-03-03,328613,15.0,78.59,4.6491,57.0,1296
2023-03-04,328613,10.0,78.59,4.6491,57.0,1276
2023-03-05,328613,16.0,78.59,4.6491,57.0,1256
2023-03-06,328613,12.0,78.59,4.6491,57.0,1249
2023-03-07,328613,20.0,78.59,4.6491,57.0,1227
2023-03-08,328613,11.0,78.59,4.6491,57.0,1221
2023-03-09,328613,19.0,78.59,4.6491,57.0,1209
2023-03-10,328613,15.0,78.59,4.6491,57.0,1193
2023-03-11,328613,16.0,78.59,4.6491,57.0,1176
2023-03-12,328613,11.0,78.59,4.6491,57.0,1168
2023-03-13,328613,19.0,78.59,4.6491,57.0,1148
2023-03-14,328613,24.0,78.59,4.6491,57.0,1284
2023-03-15,328613,12.0,78.59,4.6491,57.0,1277
2023-03-16,328613,13.0,78.59,4.6491,57.0,1420
2023-03-17,328613,14.0,78.59,4.6491,57.0,1405
2023-03-18,328613,18.0,78.59,4.6491,57.0,1385
2023-03-19,328613,12.0,78.59,4.6491,57.0,1375
2023-03-20,328613,21.0,78.59,4.6491,57.0,1511
2023-03-21,328613,13.0,78.59,4.6491,57.0,1655
2023-03-22,328613,11.0,78.59,4.6552,58.0,1727
2023-03-23,328613,19.0,78.59,4.6552,58.0,1794
2023-03-24,328613,9.0,78.59,4.6552,58.0,1786
2023-03-25,328613,16.0,78.59,4.6552,58.0,1782
2023-03-26,328613,12.0,78.59,4.6552,58.0,1760
2023-03-27,328613,10.0,78.59,4.6552,58.0,1752
2023-03-28,328613,14.0,78.59,4.6552,58.0,1732
2023-03-29,328613,17.0,78.59,4.6552,58.0,1800
2023-03-30,328613,17.0,78.59,4.6552,58.0,1859
2023-03-31,328613,7.0,78.59,4.6552,58.0,1854
2023-04-01,328613,14.0,78.59,4.6552,58.0,1838
2023-04-02,328613,12.0,78.59,4.6552,58.0,1825
2023-04-03,328613,17.0,78.59,4.6552,58.0,1808
2023-04-04,328613,13.0,78.59,4.6552,58.0,1796
2023-04-05,328613,9.0,78.59,4.6552,58.0,1785
2023-04-06,328613,11.0,78.59,4.6552,58.0,1775
2023-04-07,328613,13.0,78.59,4.6552,58.0,1762
2023-04-08,328613,9.0,78.59,4.6552,58.0,1752
2023-04-09,328613,16.0,78.59,4.6552,58.0,1735
2023-04-10,328613,23.0,78.59,4.6552,58.0,1712
2023-04-11,328613,17.0,78.59,4.6552,58.0,1694
2023-04-12,328613,10.0,78.59,4.6552,58.0,1684
2023-04-13,328613,14.0,78.59,4.6552,58.0,1671
2023-04-14,328613,15.0,78.59,4.6552,58.0,1652
2023-04-15,328613,10.0,78.59,4.6552,58.0,1644
2023-04-16,328613,16.0,78.59,4.6552,58.0,1625
2023-04-17,328613,12.0,78.59,4.6552,58.0,1613
2023-04-18,328613,28.0,78.59,4.6552,58.0,1583
2023-04-19,328613,14.0,78.59,4.6552,58.0,1571
2023-04-20,328613,15.0,78.59,4.6552,58.0,1555
2023-04-21,328613,10.0,78.59,4.6552,58.0,1545
2023-04-22,328613,8.0,78.59,4.6552,58.0,1538
2023-04-23,328613,19.0,78.59,4.6552,58.0,1517
2023-04-24,328613,24.0,78.59,4.6552,58.0,1499
2023-04-25,328613,18.0,78.59,4.6552,58.0,1472
2023-04-26,328613,9.0,78.59,4.6552,58.0,1460
2023-04-27,328613,16.0,78.59,4.6552,58.0,1534
2023-04-28,328613,10.0,78.59,4.6552,58.0,1516
2023-04-29,328613,13.0,78.59,4.6552,58.0,1504
2023-04-30,328613,14.0,78.59,4.6552,58.0,1492
2023-05-01,328613,17.0,78.59,4.6552,58.0,1553
2023-05-02,328613,13.0,78.59,4.6552,58.0,1540
2023-05-03,328613,13.0,78.59,4.6552,58.0,1529
2023-05-04,328613,11.0,78.59,4.6552,58.0,1518
2023-05-05,328613,8.0,78.59,4.6552,58.0,1510
2023-05-06,328613,7.0,78.59,4.6552,58.0,1501
2023-05-07,328613,13.0,78.59,4.6552,58.0,1491
2023-05-08,328613,16.0,78.59,4.6552,58.0,1474
2023-05-09,328613,16.0,78.59,4.6552,58.0,1456
2023-05-10,328613,10.0,78.59,4.6552,58.0,1446
2023-05-11,328613,17.0,78.59,4.6552,58.0,1429
2023-05-12,328613,16.0,78.59,4.6552,58.0,1411
2023-05-13,328613,8.0,78.59,4.6552,58.0,1403
2023-05-14,328613,23.0,78.59,4.6552,58.0,1382
2023-05-15,328613,15.0,78.59,4.6552,58.0,1365
2023-05-16,328613,19.0,78.59,4.6552,58.0,1348
2023-05-17,328613,11.0,78.59,4.6552,58.0,1340
2023-05-18,328613,15.0,78.59,4.6552,58.0,1402
2023-05-19,328613,10.0,78.59,4.6552,58.0,1393
2023-05-20,328613,15.0,78.59,4.6552,58.0,1377
2023-05-21,328613,16.0,78.59,4.6552,58.0,1439
2023-05-22,328613,23.0,78.59,4.6552,58.0,1413
2023-05-23,328613,18.0,78.59,4.6552,58.0,1396
2023-05-24,328613,9.0,78.59,4.6552,58.0,1389
2023-05-25,328613,18.0,78.59,4.6552,58.0,1448
2023-05-26,328613,14.0,78.59,4.6552,58.0,1434
2023-05-27,328613,10.0,78.59,4.6552,58.0,1425
2023-05-28,328613,13.0,78.59,4.6552,58.0,1412
2023-05-29,328613,11.0,78.59,4.6552,58.0,1401
2023-05-30,328613,12.0,78.59,4.6552,58.0,1388
2023-05-31,328613,20.0,78.59,4.6552,58.0,1366
2023-06-01,328613,8.0,78.59,4.6552,58.0,1360
2023-06-02,328613,15.0,78.59,4.6552,58.0,1343
2023-06-03,328613,12.0,78.59,4.6552,58.0,1330
2023-06-04,328613,9.0,78.59,4.6552,58.0,1322
2023-06-05,328613,18.0,78.59,4.6552,58.0,1311
2023-06-06,328613,13.0,78.59,4.6552,58.0,1369
2023-06-07,328613,8.0,78.59,4.6552,58.0,1443
2023-06-08,328613,14.0,78.59,4.6552,58.0,1428
2023-06-09,328613,11.0,78.59,4.6552,58.0,1418
2023-06-10,328613,9.0,78.59,4.661,59.0,1408
2023-06-11,328613,14.0,78.59,4.661,59.0,1395
2023-06-12,328613,16.0,78.59,4.661,59.0,1382
2023-06-13,328613,18.0,78.59,4.661,59.0,1357
2023-06-14,328613,14.0,78.59,4.661,59.0,1423
2023-06-15,328613,15.0,78.59,4.661,59.0,1404
2023-06-16,328613,11.0,78.59,4.661,59.0,1394
2023-06-17,328613,12.0,78.59,4.661,59.0,1461
2023-06-18,328613,14.0,78.59,4.661,59.0,1446
2023-06-19,328613,16.0,78.59,4.661,59.0,1429
2023-06-20,328613,7.0,78.59,4.661,59.0,1427
2023-06-21,328613,13.0,78.59,4.661,59.0,1411
2023-06-22,328613,13.0,78.59,4.661,59.0,1396
2023-06-23,328613,9.0,78.59,4.661,59.0,1384
2023-06-24,328613,16.0,78.59,4.661,59.0,1369
2023-06-25,328613,11.0,78.59,4.661,59.0,1356
2023-06-26,328613,12.0,78.59,4.661,59.0,1350
2023-06-27,328613,9.0,78.59,4.661,59.0,1337
2023-06-28,328613,10.0,78.59,4.661,59.0,1329
2023-06-29,328613,15.0,78.59,4.661,59.0,1312
2023-06-30,328613,15.0,78.59,4.661,59.0,1298
2023-07-01,328613,5.0,78.59,4.661,59.0,1291
2023-07-02,328613,16.0,78.59,4.661,59.0,1276
2023-07-03,328613,14.0,78.59,4.661,59.0,1347
2023-07-04,328613,6.0,78.59,4.661,59.0,1335
2023-07-05,328613,8.0,78.59,4.661,59.0,1328
2023-07-06,328613,16.0,78.59,4.661,59.0,1312
2023-07-07,328613,13.0,78.59,4.661,59.0,1379
2023-07-08,328613,14.0,78.59,4.661,59.0,1364
2023-07-09,328613,15.0,78.59,4.661,59.0,1348
2023-07-10,328613,7.0,78.59,4.661,59.0,1425
2023-07-11,328613,21.0,78.59,4.661,59.0,1402
2023-07-12,328613,24.0,78.59,4.661,59.0,1377
2023-07-13,328613,13.0,78.59,4.661,59.0,1367
2023-07-14,328613,18.0,78.59,4.661,59.0,1346
2023-07-15,328613,22.0,78.59,4.661,59.0,1322
2023-07-16,328613,18.0,78.59,4.661,59.0,1303
2023-07-17,328613,19.0,78.59,4.661,59.0,1291
2023-07-18,328613,12.0,78.59,4.661,59.0,1276
2023-07-19,328613,8.0,78.59,4.661,59.0,1273
2023-07-20,328613,16.0,78.59,4.661,59.0,1273
2023-07-21,328613,13.0,78.59,4.661,59.0,1238
2023-07-22,328613,12.0,78.59,4.661,59.0,1224
2023-07-23,328613,23.0,78.59,4.661,59.0,1200
2023-07-24,328613,18.0,78.59,4.661,59.0,1185
2023-07-25,328613,6.0,78.59,4.661,59.0,1175
2023-07-26,328613,20.0,78.59,4.661,59.0,1157
2023-07-27,328613,7.0,78.59,4.661,59.0,1149
2023-07-28,328613,11.0,78.59,4.661,59.0,1137
2023-07-29,328613,11.0,78.59,4.661,59.0,1131
2023-07-30,328613,15.0,78.59,4.661,59.0,1113
2023-07-31,328613,9.0,78.59,4.661,59.0,1109
2023-08-01,328613,9.0,78.59,4.661,59.0,1100
2023-08-02,328613,13.0,78.59,4.661,59.0,1087
2023-08-03,328613,21.0,78.59,4.661,59.0,1061
2023-08-04,328613,12.0,78.59,4.661,59.0,1049
2023-08-05,328613,10.0,78.59,4.661,59.0,1039
2023-08-06,328613,12.0,78.59,4.661,59.0,1029
2023-08-07,328613,22.0,78.59,4.661,59.0,1002
2023-08-08,328613,15.0,78.59,4.661,59.0,1070
2023-08-09,328613,12.0,78.59,4.6667,60.0,1057
2023-08-10,328613,12.0,78.59,4.6667,60.0,1047
2023-08-11,328613,16.0,78.59,4.6667,60.0,1031
2023-08-12,328613,15.0,78.59,4.6667,60.0,1016
2023-08-13,328613,18.0,78.59,4.6667,60.0,994
2023-08-14,328613,20.0,78.59,4.6667,60.0,974
2023-08-15,328613,14.0,78.59,4.6667,60.0,962
2023-08-16,328613,19.0,78.59,4.6667,60.0,942
2023-08-17,328613,18.0,78.59,4.6667,60.0,922
2023-08-18,328613,22.0,78.59,4.6667,60.0,899
2023-08-19,328613,10.0,78.59,4.6667,60.0,888
2023-08-20,328613,24.0,78.59,4.6667,60.0,859
2023-08-21,328613,17.0,78.59,4.6667,60.0,844
2023-08-22,328613,14.0,78.59,4.6667,60.0,828
2023-08-23,328613,15.0,78.59,4.6721,61.0,814
2023-08-24,328613,17.0,78.59,4.6721,61.0,800
2023-08-25,328613,21.0,78.59,4.6721,61.0,778
2023-08-26,328613,17.0,78.59,4.6721,61.0,763
2023-08-27,328613,20.0,78.59,4.6721,61.0,740
2023-08-28,328613,21.0,78.59,4.6721,61.0,730
2023-08-29,328613,23.0,78.59,4.6721,61.0,696
2023-08-30,328613,20.0,78.59,4.6721,61.0,675
2023-08-31,328613,23.0,78.59,4.6721,61.0,817
2023-09-01,328613,26.0,78.59,4.6721,61.0,785
2023-09-02,328613,21.0,78.59,4.6774,62.0,759
2023-09-03,328613,20.0,78.59,4.6774,62.0,740
2023-09-04,328613,27.0,78.59,4.6774,62.0,640
2023-09-05,328613,12.0,78.59,4.6774,62.0,696
2023-09-06,328613,32.0,78.59,4.6825,63.0,663
2023-09-07,328613,19.0,78.59,4.6825,63.0,652
2023-09-08,328613,23.0,78.59,4.6825,63.0,624
2023-09-09,328613,17.0,78.59,4.6825,63.0,606
2023-09-10,328613,27.0,78.59,4.6825,63.0,577
2023-09-11,328613,22.0,78.59,4.6825,63.0,554
2023-09-12,328613,19.0,78.59,4.6825,63.0,538
2023-09-13,328613,19.0,78.59,4.6825,63.0,526
2023-09-14,328613,22.0,78.59,4.6825,63.0,577
2023-09-15,328613,17.0,78.59,4.6825,63.0,556
2023-09-16,328613,24.0,78.59,4.6825,63.0,526
2023-09-17,328613,15.0,78.59,4.6825,63.0,511
2023-09-18,328613,29.0,78.59,4.6825,63.0,558
2023-09-19,328613,13.0,78.59,4.6825,63.0,625
2023-09-20,328613,19.0,78.59,4.6825,63.0,686
2023-09-21,328613,17.0,78.59,4.6825,63.0,750
2023-09-22,328613,25.0,78.59,4.6825,63.0,726
2023-09-23,328613,11.0,78.59,4.6825,63.0,714
2023-09-24,328613,21.0,78.59,4.6825,63.0,693
2023-09-25,328613,28.0,78.59,4.6825,63.0,667
2023-09-26,328613,33.0,78.59,4.6825,63.0,633
2023-09-27,328613,12.0,78.59,4.6825,63.0,780
2023-09-28,328613,16.0,78.59,4.6825,63.0,768
2023-09-29,328613,24.0,78.59,4.6825,63.0,739
2023-09-30,328613,26.0,78.59,4.6825,63.0,713
2023-10-01,328613,27.0,78.59,4.6825,63.0,679
2023-10-02,328613,19.0,78.59,4.6825,63.0,664
2023-10-03,328613,26.0,78.59,4.6825,63.0,639
2023-10-04,328613,17.0,78.59,4.6825,63.0,620
2023-10-05,328613,20.0,78.59,4.6825,63.0,678
2023-10-06,328613,22.0,78.59,4.6825,63.0,657
2023-10-07,328613,27.0,78.59,4.6825,63.0,629
2023-10-08,328613,24.0,78.59,4.6825,63.0,605
2023-10-09,328613,27.0,78.59,4.6825,63.0,575
2023-10-10,328613,22.0,78.59,4.6825,63.0,555
2023-10-11,328613,21.0,78.59,4.6825,63.0,615
2023-10-12,328613,13.0,78.59,4.6825,63.0,680
2023-10-13,328613,27.0,78.59,4.6825,63.0,735
2023-10-14,328613,23.0,78.59,4.6825,63.0,710
2023-10-15,328613,29.0,78.59,4.6825,63.0,681
2023-10-16,328613,24.0,78.59,4.6825,63.0,577
2023-10-17,328613,18.0,78.59,4.6825,63.0,640
2023-10-18,328613,18.0,78.59,4.6825,63.0,627
2023-10-19,328613,23.0,78.59,4.6825,63.0,598
2023-10-20,328613,16.0,78.59,4.6825,63.0,582
2023-10-21,328613,26.0,78.59,4.6825,63.0,557
2023-10-22,328613,24.0,78.59,4.6825,63.0,532
2023-10-23,328613,28.0,78.59,4.6825,63.0,518
2023-10-24,328613,23.0,78.59,4.6825,63.0,487
2023-10-25,328613,20.0,78.59,4.6825,63.0,693
2023-10-26,328613,26.0,78.59,4.6825,63.0,678
2023-10-27,328613,22.0,78.59,4.6825,63.0,652
2023-10-28,328613,29.0,78.59,4.6825,63.0,625
2023-10-29,328613,19.0,78.59,4.6825,63.0,606
2023-10-30,328613,40.0,78.59,4.6825,63.0,651
2023-10-31,328613,12.0,78.59,4.6825,63.0,630
2023-11-01,328613,34.0,78.59,4.6825,63.0,679
2023-11-02,328613,25.0,78.59,4.6825,63.0,655
2023-11-03,328613,45.0,78.59,4.6825,63.0,610
2023-11-04,328613,33.0,78.59,4.6825,63.0,576
2023-11-05,328613,33.0,78.59,4.6825,63.0,536
2023-11-06,328613,21.0,78.59,4.6308,65.0,600
2023-11-07,328613,27.0,78.59,4.6364,66.0,574
2023-11-08,328613,21.0,78.59,4.6364,66.0,791
2023-11-09,328613,23.0,78.59,4.6364,66.0,859
2023-11-10,328613,21.0,78.59,4.6364,66.0,838
2023-11-11,328613,23.0,78.59,4.6364,66.0,883
2023-11-12,328613,27.0,78.59,4.6364,66.0,859
2023-11-13,328613,21.0,78.59,4.6471,68.0,924
2023-11-14,328613,19.0,78.59,4.6471,68.0,898
2023-11-15,328613,18.0,78.59,4.6471,68.0,1036
2023-11-16,328613,21.0,78.59,4.6522,69.0,1019
2023-11-17,328613,24.0,78.59,4.6522,69.0,1075
2023-11-18,328613,15.0,78.59,4.6522,69.0,1060
2023-11-19,328613,15.0,78.59,4.6522,69.0,1041
2023-11-20,328613,37.0,78.59,4.6522,69.0,1016
2023-11-21,328613,27.0,78.59,4.6522,69.0,980
2023-11-22,328613,26.0,78.59,4.6522,69.0,1032
2023-11-23,328613,25.0,78.59,4.6571,70.0,1010
2023-11-24,328613,29.0,78.59,4.6571,70.0,976
2023-11-25,328613,38.0,78.59,4.6571,70.0,940
2023-11-26,328613,29.0,78.59,4.6571,70.0,912
2023-11-27,328613,29.0,78.59,4.6571,70.0,885
2023-11-28,328613,32.0,78.59,4.6338,71.0,850
2023-11-29,328613,26.0,78.59,4.6338,71.0,984
2023-11-30,328613,26.0,78.59,4.6338,71.0,1037
2023-12-01,328613,35.0,78.59,4.6338,71.0,1165
2023-12-02,328613,20.0,78.59,4.6389,72.0,1144
2023-12-03,328613,26.0,78.59,4.6389,72.0,1118
2023-12-04,328613,24.0,78.59,4.6389,72.0,1089
2023-12-05,328613,26.0,78.59,4.6389,72.0,1065
2023-12-06,328613,33.0,78.59,4.6389,72.0,1033
2023-12-07,328613,15.0,78.59,4.6438,73.0,1027
2022-12-07,576086,13.0,27.99,5.0,6.0,707
2022-12-08,576086,6.0,27.99,5.0,6.0,704
2022-12-09,576086,6.0,27.99,5.0,6.0,696
2022-12-10,576086,7.0,27.99,5.0,6.0,691
2022-12-11,576086,10.0,27.99,5.0,6.0,683
2022-12-12,576086,6.0,27.99,5.0,6.0,679
2022-12-13,576086,5.0,27.99,5.0,6.0,672
2022-12-14,576086,10.0,27.99,5.0,6.0,664
2022-12-15,576086,6.0,27.99,5.0,6.0,660
2022-12-16,576086,8.0,27.99,4.4286,7.0,655
2022-12-17,576086,6.0,27.99,4.4286,7.0,649
2022-12-18,576086,2.0,27.99,4.4286,7.0,647
2022-12-19,576086,9.0,27.99,4.4286,7.0,639
2022-12-20,576086,10.0,27.99,4.4286,7.0,630
2022-12-21,576086,2.0,27.99,4.4286,7.0,629
2022-12-22,576086,7.0,27.99,4.4286,7.0,623
2022-12-23,576086,7.0,27.99,4.4286,7.0,619
2022-12-24,576086,8.0,27.99,4.4286,7.0,612
2022-12-26,576086,8.0,27.99,4.4286,7.0,603
2022-12-27,576086,7.0,27.99,4.4286,7.0,596
2022-12-28,576086,6.0,27.99,4.4286,7.0,591
2022-12-29,576086,12.0,27.99,4.4286,7.0,581
2022-12-30,576086,3.0,27.99,4.4286,7.0,578
2022-12-31,576086,10.0,27.99,4.4286,7.0,568
2023-01-01,576086,6.0,27.99,4.4286,7.0,564
2023-01-02,576086,9.0,27.99,4.4286,7.0,554
2023-01-03,576086,14.0,27.99,4.4286,7.0,541
2023-01-04,576086,6.0,27.99,4.4286,7.0,539
2023-01-05,576086,16.0,27.99,4.4286,7.0,523
2023-01-06,576086,14.0,27.99,4.4286,7.0,507
2023-01-07,576086,5.0,27.99,4.4286,7.0,505
2023-01-08,576086,8.0,27.99,4.4286,7.0,496
2023-01-09,576086,8.0,27.99,4.4286,7.0,487
2023-01-10,576086,8.0,27.99,4.4286,7.0,480
2023-01-11,576086,9.0,27.99,4.4286,7.0,473
2023-01-12,576086,11.0,27.99,4.4286,7.0,462
2023-01-13,576086,10.0,27.99,4.5,8.0,452
2023-01-14,576086,4.0,27.99,4.5,8.0,445
2023-01-15,576086,15.0,27.99,4.5,8.0,435
2023-01-16,576086,8.0,27.99,4.5,8.0,423
2023-01-17,576086,10.0,27.99,4.5,8.0,414
2023-01-18,576086,11.0,27.99,4.5,8.0,402
2023-01-19,576086,13.0,27.99,4.5,8.0,389
2023-01-20,576086,10.0,27.99,4.5,8.0,382
2023-01-21,576086,11.0,27.99,4.5,8.0,372
2023-01-22,576086,6.0,27.99,4.5,8.0,367
2023-01-23,576086,3.0,27.99,4.5,8.0,370
2023-01-24,576086,5.0,27.99,4.5,8.0,367
2023-01-25,576086,8.0,27.99,4.5,8.0,363
2023-01-26,576086,9.0,27.99,4.5,8.0,351
2023-01-27,576086,10.0,27.99,4.5,8.0,387
2023-01-28,576086,6.0,27.99,4.5,8.0,382
2023-01-29,576086,6.0,27.99,4.5,8.0,375
2023-01-30,576086,12.0,27.99,4.5,8.0,365
2023-01-31,576086,20.0,27.99,4.5,8.0,350
2023-02-01,576086,9.0,27.99,4.5,8.0,385
2023-02-02,576086,8.0,27.99,4.5,8.0,379
2023-02-03,576086,4.0,27.99,4.5,8.0,377
2023-02-04,576086,9.0,27.99,4.5556,9.0,367
2023-02-05,576086,12.0,27.99,4.6,10.0,401
2023-02-06,576086,7.0,27.99,4.6,10.0,393
2023-02-07,576086,6.0,27.99,4.6,10.0,387
2023-02-08,576086,13.0,27.99,4.6,10.0,376
2023-02-09,576086,9.0,27.99,4.6,10.0,362
2023-02-10,576086,10.0,27.99,4.6,10.0,358
2023-02-11,576086,8.0,27.99,4.6,10.0,352
2023-02-12,576086,12.0,27.99,4.6,10.0,341
2023-02-13,576086,8.0,27.99,4.6,10.0,334
2023-02-14,576086,10.0,27.99,4.6,10.0,368
2023-02-15,576086,5.0,27.99,4.6,10.0,410
2023-02-16,576086,8.0,27.99,4.6,10.0,403
2023-02-17,576086,11.0,27.99,4.6,10.0,395
2023-02-18,576086,4.0,27.99,4.6,10.0,392
2023-02-19,576086,8.0,27.99,4.6,10.0,385
2023-02-20,576086,9.0,27.99,4.6,10.0,375
2023-02-21,576086,12.0,27.99,4.6,10.0,365
2023-02-22,576086,9.0,27.99,4.6,10.0,355
2023-02-23,576086,5.0,27.99,4.6,10.0,351
2023-02-24,576086,7.0,27.99,4.6,10.0,389
2023-02-25,576086,6.0,27.99,4.6,10.0,382
2023-02-26,576086,9.0,27.99,4.6,10.0,375
2023-02-27,576086,13.0,27.99,4.6,10.0,364
2023-02-28,576086,5.0,27.99,4.6,10.0,358
2023-03-01,576086,7.0,27.99,4.6,10.0,396
2023-03-02,576086,5.0,27.99,4.6364,11.0,392
2023-03-03,576086,6.0,27.99,4.6364,11.0,386
2023-03-04,576086,2.0,27.99,4.6364,11.0,383
2023-03-05,576086,8.0,27.99,4.3333,12.0,377
2023-03-06,576086,2.0,27.99,4.3333,12.0,375
2023-03-07,576086,5.0,27.99,4.3333,12.0,416
2023-03-08,576086,9.0,27.99,4.3333,12.0,407
2023-03-09,576086,7.0,27.99,4.3333,12.0,401
2023-03-10,576086,4.0,27.99,4.3333,12.0,398
2023-03-11,576086,3.0,27.99,4.3333,12.0,395
2023-03-12,576086,5.0,27.99,4.3333,12.0,427
2023-03-13,576086,9.0,27.99,4.3333,12.0,426
2023-03-14,576086,12.0,27.99,4.3333,12.0,463
2023-03-15,576086,2.0,27.99,4.3333,12.0,462
2023-03-16,576086,12.0,27.99,4.3333,12.0,448
2023-03-17,576086,9.0,27.99,4.3333,12.0,442
2023-03-18,576086,10.0,27.99,4.3333,12.0,433
2023-03-19,576086,3.0,27.99,4.3333,12.0,428
2023-03-20,576086,7.0,27.99,4.3333,12.0,423
2023-03-21,576086,6.0,27.99,4.3333,12.0,418
2023-03-22,576086,5.0,27.99,4.3333,12.0,412
2023-03-23,576086,9.0,27.99,4.3333,12.0,404
2023-03-24,576086,13.0,27.99,4.3846,13.0,395
2023-03-25,576086,5.0,27.99,4.3846,13.0,393
2023-03-26,576086,6.0,27.99,4.3846,13.0,384
2023-03-27,576086,8.0,27.99,4.3846,13.0,377
2023-03-28,576086,5.0,27.99,4.3846,13.0,371
2023-03-29,576086,7.0,27.99,4.3846,13.0,403
2023-03-30,576086,5.0,27.99,4.3846,13.0,399
2023-03-31,576086,7.0,27.99,4.3846,13.0,392
2023-04-01,576086,7.0,27.99,4.3846,13.0,385
2023-04-02,576086,8.0,27.99,4.3846,13.0,377
2023-04-03,576086,10.0,27.99,4.3846,13.0,367
2023-04-04,576086,3.0,27.99,4.3846,13.0,408
2023-04-05,576086,5.0,27.99,4.3846,13.0,403
2023-04-06,576086,4.0,27.99,4.3846,13.0,401
2023-04-07,576086,7.0,27.99,4.3846,13.0,394
2023-04-08,576086,9.0,27.99,4.3846,13.0,387
2023-04-09,576086,13.0,27.99,4.3846,13.0,375
2023-04-10,576086,10.0,27.99,4.3846,13.0,363
2023-04-11,576086,4.0,27.99,4.3846,13.0,359
2023-04-12,576086,4.0,27.99,4.3846,13.0,357
2023-04-13,576086,7.0,27.99,4.3846,13.0,349
2023-04-14,576086,9.0,27.99,4.3846,13.0,340
2023-04-15,576086,8.0,27.99,4.3846,13.0,332
2023-04-16,576086,5.0,27.99,4.3846,13.0,329
2023-04-17,576086,7.0,27.99,4.3846,13.0,324
2023-04-18,576086,3.0,27.99,4.3846,13.0,319
2023-04-19,576086,9.0,27.99,4.3846,13.0,356
2023-04-20,576086,4.0,27.99,4.3846,13.0,351
2023-04-21,576086,2.0,27.99,4.1429,14.0,349
2023-04-22,576086,2.0,27.99,4.1429,14.0,347
2023-04-23,576086,4.0,27.99,4.1429,14.0,343
2023-04-24,576086,11.0,27.99,4.1429,14.0,333
2023-04-25,576086,5.0,27.99,4.1429,14.0,337
2023-04-26,576086,7.0,27.99,4.1429,14.0,366
2023-04-27,576086,2.0,27.99,4.1429,14.0,365
2023-04-28,576086,4.0,27.99,4.1429,14.0,359
2023-04-29,576086,5.0,27.99,4.1429,14.0,352
2023-04-30,576086,6.0,27.99,4.1429,14.0,348
2023-05-01,576086,7.0,27.99,4.1429,14.0,342
2023-05-02,576086,8.0,27.99,4.1429,14.0,333
2023-05-03,576086,7.0,27.99,4.1429,14.0,327
2023-05-04,576086,4.0,27.99,4.1429,14.0,321
2023-05-05,576086,3.0,27.99,4.1429,14.0,319
2023-05-06,576086,5.0,27.99,4.1429,14.0,313
2023-05-07,576086,12.0,27.99,4.1429,14.0,302
2023-05-08,576086,9.0,27.99,4.1429,14.0,295
2023-05-09,576086,2.0,27.99,4.1429,14.0,293
2023-05-10,576086,6.0,27.99,4.1429,14.0,287
2023-05-11,576086,5.0,27.99,4.1429,14.0,282
2023-05-12,576086,5.0,27.99,4.1429,14.0,277
2023-05-13,576086,5.0,27.99,4.1429,14.0,273
2023-05-14,576086,7.0,27.99,4.1429,14.0,266
2023-05-15,576086,3.0,27.99,4.1429,14.0,263
2023-05-16,576086,9.0,27.99,4.1429,14.0,254
2023-05-17,576086,8.0,27.99,4.1429,14.0,247
2023-05-18,576086,3.0,27.99,4.1429,14.0,244
2023-05-19,576086,4.0,27.99,4.1429,14.0,239
2023-05-20,576086,4.0,27.99,4.1429,14.0,235
2023-05-21,576086,3.0,27.99,4.1429,14.0,232
2023-05-22,576086,7.0,27.99,4.1429,14.0,222
2023-05-23,576086,11.0,27.99,4.1429,14.0,213
2023-05-24,576086,7.0,27.99,4.1429,14.0,209
2023-05-25,576086,6.0,27.99,4.1429,14.0,247
2023-05-26,576086,4.0,27.99,4.1429,14.0,243
2023-05-27,576086,5.0,27.99,4.2,15.0,236
2023-05-28,576086,6.0,27.99,4.2,15.0,229
2023-05-29,576086,4.0,27.99,4.2,15.0,228
2023-05-30,576086,11.0,27.99,4.2,15.0,215
2023-05-31,576086,4.0,27.99,4.2,15.0,210
2023-06-01,576086,8.0,27.99,4.2,15.0,205
2023-06-02,576086,5.0,27.99,4.2,15.0,200
2023-06-03,576086,6.0,27.99,4.2,15.0,194
2023-06-04,576086,5.0,27.99,4.2,15.0,189
2023-06-05,576086,4.0,27.99,4.2,15.0,186
2023-06-06,576086,6.0,27.99,4.2,15.0,177
2023-06-07,576086,2.0,27.99,4.2,15.0,176
2023-06-08,576086,7.0,27.99,4.2,15.0,170
2023-06-09,576086,3.0,27.99,4.2,15.0,167
2023-06-10,576086,2.0,27.99,4.2,15.0,210
2023-06-11,576086,7.0,27.99,4.2,15.0,202
2023-06-12,576086,7.0,27.99,4.2,15.0,196
2023-06-13,576086,3.0,27.99,4.2,15.0,283
2023-06-14,576086,6.0,27.99,4.2,15.0,277
2023-06-15,576086,2.0,27.99,4.2,15.0,279
2023-06-16,576086,5.0,27.99,4.2,15.0,278
2023-06-17,576086,5.0,27.99,4.2,15.0,273
2023-06-18,576086,3.0,27.99,4.2,15.0,270
2023-06-19,576086,8.0,27.99,4.2,15.0,235
2023-06-20,576086,3.0,27.99,4.2,15.0,260
2023-06-21,576086,4.0,27.99,4.2,15.0,255
2023-06-22,576086,4.0,27.99,4.2,15.0,251
2023-06-23,576086,6.0,27.99,4.2,15.0,242
2023-06-24,576086,4.0,27.99,4.2,15.0,331
2023-06-25,576086,4.0,27.99,4.2,15.0,326
2023-06-26,576086,5.0,27.99,4.2,15.0,320
2023-06-27,576086,10.0,27.99,4.2,15.0,312
2023-06-28,576086,4.0,27.99,4.2,15.0,308
2023-06-29,576086,5.0,27.99,4.2,15.0,303
2023-06-30,576086,8.0,27.99,4.2,15.0,295
2023-07-01,576086,4.0,27.99,4.1875,16.0,292
2023-07-02,576086,2.0,27.99,4.1875,16.0,289
2023-07-03,576086,7.0,27.99,4.1875,16.0,285
2023-07-04,576086,5.0,27.99,4.1875,16.0,277
2023-07-05,576086,1.0,27.99,4.1875,16.0,276
2023-07-06,576086,5.0,27.99,4.1875,16.0,273
2023-07-07,576086,1.0,27.99,4.1875,16.0,272
2023-07-08,576086,8.0,27.99,4.1875,16.0,269
2023-07-09,576086,5.0,27.99,4.1875,16.0,265
2023-07-10,576086,3.0,27.99,4.1875,16.0,306
2023-07-11,576086,5.0,27.99,4.1875,16.0,301
2023-07-12,576086,3.0,27.99,4.1875,16.0,308
2023-07-13,576086,5.0,27.99,4.1875,16.0,303
2023-07-14,576086,4.0,27.99,4.1875,16.0,298
2023-07-15,576086,2.0,27.99,4.0,17.0,296
2023-07-16,576086,5.0,27.99,4.0,17.0,291
2023-07-17,576086,4.0,27.99,4.0,17.0,288
2023-07-18,576086,5.0,27.99,4.0,17.0,286
2023-07-19,576086,4.0,27.99,4.0,17.0,285
2023-07-20,576086,5.0,27.99,4.0,17.0,285
2023-07-21,576086,5.0,27.99,4.0,17.0,274
2023-07-22,576086,2.0,27.99,4.0,17.0,271
2023-07-23,576086,8.0,27.99,4.0,17.0,265
2023-07-24,576086,4.0,27.99,4.0,17.0,261
2023-07-25,576086,4.0,27.99,4.0,17.0,256
2023-07-26,576086,6.0,27.99,4.0,17.0,250
2023-07-27,576086,7.0,27.99,4.0,17.0,253
2023-07-28,576086,4.0,27.99,4.0,17.0,247
2023-07-29,576086,7.0,27.99,4.0,17.0,241
2023-07-30,576086,5.0,27.99,4.0,17.0,236
2023-07-31,576086,4.0,27.99,4.0,17.0,232
2023-08-01,576086,6.0,27.99,4.0,17.0,226
2023-08-02,576086,4.0,27.99,4.0,17.0,221
2023-08-03,576086,2.0,27.99,4.0,17.0,224
2023-08-04,576086,5.0,27.99,4.0,17.0,220
2023-08-05,576086,3.0,27.99,4.0,17.0,217
2023-08-06,576086,5.0,27.99,4.0,17.0,212
2023-08-07,576086,4.0,27.99,4.0,17.0,208
2023-08-08,576086,2.0,27.99,4.0,17.0,231
2023-08-09,576086,5.0,27.99,3.8333,18.0,226
2023-08-10,576086,7.0,27.99,3.8333,18.0,219
2023-08-11,576086,2.0,27.99,3.8333,18.0,217
2023-08-12,576086,6.0,27.99,3.8333,18.0,216
2023-08-13,576086,5.0,27.99,3.8947,19.0,210
2023-08-14,576086,6.0,27.99,3.8947,19.0,205
2023-08-15,576086,11.0,27.99,3.8947,19.0,193
2023-08-16,576086,7.0,27.99,3.8947,19.0,188
2023-08-17,576086,3.0,27.99,3.8947,19.0,185
2023-08-18,576086,3.0,27.99,3.8947,19.0,181
2023-08-19,576086,4.0,27.99,3.8947,19.0,187
2023-08-20,576086,4.0,27.99,3.8947,19.0,203
2023-08-21,576086,6.0,27.99,3.8947,19.0,196
2023-08-22,576086,7.0,27.99,3.8947,19.0,190
2023-08-23,576086,5.0,27.99,3.75,20.0,185
2023-08-24,576086,2.0,27.99,3.75,20.0,183
2023-08-25,576086,4.0,27.99,3.75,20.0,184
2023-08-26,576086,5.0,27.99,3.75,20.0,184
2023-08-27,576086,7.0,27.99,3.75,20.0,176
2023-08-28,576086,5.0,27.99,3.75,20.0,173
2023-08-29,576086,6.0,27.99,3.75,20.0,176
2023-08-30,576086,3.0,27.99,3.75,20.0,172
2023-08-31,576086,5.0,27.99,3.75,20.0,177
2023-09-01,576086,6.0,27.99,3.75,20.0,172
2023-09-02,576086,1.0,27.99,3.75,20.0,171
2023-09-03,576086,3.0,27.99,3.75,20.0,167
2023-09-04,576086,2.0,27.99,3.75,20.0,165
2023-09-05,576086,2.0,27.99,3.75,20.0,163
2023-09-06,576086,5.0,27.99,3.8095,21.0,158
2023-09-07,576086,7.0,27.99,3.8095,21.0,161
2023-09-08,576086,5.0,27.99,3.8095,21.0,156
2023-09-09,576086,2.0,27.99,3.8095,21.0,159
2023-09-10,576086,2.0,27.99,3.8095,21.0,157
2023-09-11,576086,2.0,27.99,3.8095,21.0,160
2023-09-12,576086,8.0,27.99,3.8095,21.0,152
2023-09-13,576086,8.0,27.99,3.8095,21.0,156
2023-09-14,576086,10.0,27.99,3.8095,21.0,144
2023-09-15,576086,5.0,27.99,3.8095,21.0,151
2023-09-16,576086,4.0,27.99,3.8095,21.0,148
2023-09-17,576086,6.0,27.99,3.8095,21.0,144
2023-09-18,576086,4.0,27.99,3.8095,21.0,150
2023-09-19,576086,6.0,27.99,3.8095,21.0,143
2023-09-20,576086,2.0,27.99,3.8095,21.0,141
2023-09-21,576086,7.0,27.99,3.8095,21.0,155
2023-09-22,576086,4.0,27.99,3.8095,21.0,162
2023-09-23,576086,3.0,27.99,3.8095,21.0,158
2023-09-24,576086,3.0,27.99,3.8095,21.0,154
2023-09-25,576086,3.0,27.99,3.8095,21.0,152
2023-09-26,576086,2.0,27.99,3.8095,21.0,190
2023-09-27,576086,2.0,27.99,3.8095,21.0,198
2023-09-28,576086,6.0,27.99,3.8095,21.0,199
2023-09-29,576086,4.0,27.99,3.8095,21.0,192
2023-09-30,576086,9.0,27.99,3.8095,21.0,184
2023-10-01,576086,5.0,27.99,3.8095,21.0,179
2023-10-02,576086,3.0,27.99,3.8095,21.0,176
2023-10-03,576086,5.0,27.99,3.8095,21.0,171
2023-10-04,576086,4.0,27.99,3.8095,21.0,167
2023-10-05,576086,5.0,27.99,3.8095,21.0,162
2023-10-06,576086,5.0,27.99,3.8095,21.0,162
2023-10-07,576086,4.0,27.99,3.8095,21.0,168
2023-10-08,576086,1.0,27.99,3.8095,21.0,167
2023-10-09,576086,4.0,27.99,3.8095,21.0,173
2023-10-10,576086,8.0,27.99,3.8095,21.0,170
2023-10-11,576086,4.0,27.99,3.8095,21.0,173
2023-10-12,576086,7.0,27.99,3.8095,21.0,168
2023-10-13,576086,6.0,27.99,3.8095,21.0,174
2023-10-14,576086,3.0,27.99,3.8095,21.0,165
2023-10-15,576086,10.0,27.99,3.8095,21.0,159
2023-10-16,576086,8.0,27.99,3.8095,21.0,151
2023-10-17,576086,10.0,27.99,3.8095,21.0,141
2023-10-18,576086,10.0,27.99,3.8095,21.0,136
2023-10-19,576086,11.0,27.99,3.8095,21.0,121
2023-10-20,576086,11.0,27.99,3.8095,21.0,110
2023-10-21,576086,5.0,27.99,3.8095,21.0,109
2023-10-22,576086,13.0,27.99,3.8095,21.0,108
2023-10-23,576086,13.0,27.99,3.8095,21.0,96
2023-10-24,576086,10.0,27.99,3.8095,21.0,124
2023-10-25,576086,6.0,27.99,3.8095,21.0,115
2023-10-26,576086,14.0,27.99,3.8095,21.0,112
2023-10-27,576086,5.0,27.99,3.8095,21.0,103
2023-10-28,576086,5.0,27.99,3.8095,21.0,113
2023-10-29,576086,6.0,27.99,3.8095,21.0,108
2023-10-30,576086,9.0,27.99,3.8095,21.0,114
2023-10-31,576086,12.0,27.99,3.8095,21.0,116
2023-11-01,576086,10.0,27.99,3.8095,21.0,120
2023-11-02,576086,9.0,27.99,3.8095,21.0,109
2023-11-03,576086,6.0,27.99,3.8095,21.0,106
2023-11-04,576086,7.0,27.99,3.8095,21.0,96
2023-11-05,576086,10.0,27.99,3.8095,21.0,84
2023-11-06,576086,15.0,27.99,3.9583,24.0,73
2023-11-07,576086,10.0,27.99,3.9583,24.0,60
2023-11-08,576086,10.0,27.99,3.9583,24.0,59
2023-11-09,576086,14.0,27.99,3.9583,24.0,84
2023-11-10,576086,18.0,27.99,3.9583,24.0,63
2023-11-11,576086,13.0,27.99,4.0,25.0,52
2023-11-12,576086,8.0,27.99,4.0,25.0,44
2023-11-13,576086,13.0,27.99,4.0,25.0,37
2023-11-14,576086,9.0,27.99,4.0,25.0,45
2023-11-15,576086,8.0,27.99,4.0,25.0,55
2023-11-16,576086,5.0,27.99,4.0,25.0,51
2023-11-17,576086,5.0,27.99,4.0,25.0,49
2023-11-18,576086,9.0,27.99,4.0,25.0,40
2023-11-19,576086,5.0,27.99,4.0,25.0,36
2023-11-20,576086,10.0,27.99,4.0,25.0,39
2023-11-21,576086,8.0,27.99,4.0,25.0,68
2023-11-22,576086,10.0,27.99,4.0,25.0,59
2023-11-23,576086,11.0,27.99,4.0,25.0,43
2023-11-24,576086,13.0,27.99,4.0,25.0,34
2023-11-25,576086,11.0,27.99,4.0,25.0,43
2023-11-26,576086,9.0,27.99,4.0,25.0,35
2023-11-27,576086,22.0,27.99,4.0,25.0,14
2023-11-28,576086,13.0,27.99,4.0,25.0,3
2023-11-29,576086,3.0,27.99,4.0,25.0,18
2023-12-01,576086,15.0,27.99,4.0,25.0,92
2023-12-02,576086,6.0,27.99,4.0,25.0,91
2023-12-03,576086,12.0,27.99,4.0,25.0,132
2023-12-04,576086,9.0,27.99,4.0,25.0,125
2023-12-05,576086,9.0,27.99,4.0,25.0,130
2023-12-06,576086,7.0,27.99,4.0385,26.0,178
2023-12-07,576086,4.0,27.99,4.0385,26.0,176
2022-12-07,77462,16.0,29.99,4.6,275.0,873
2022-12-08,77462,20.0,29.99,4.6,275.0,859
2022-12-09,77462,22.0,29.99,4.6,275.0,884
2022-12-10,77462,22.0,29.99,4.6,275.0,865
2022-12-11,77462,17.0,29.99,4.6,275.0,897
2022-12-12,77462,25.0,29.99,4.6,275.0,878
2022-12-13,77462,18.0,29.99,4.6,275.0,914
2022-12-14,77462,16.0,29.99,4.6,275.0,947
2022-12-15,77462,23.0,29.99,4.6,275.0,926
2022-12-16,77462,20.0,29.99,4.6,275.0,906
2022-12-17,77462,34.0,29.99,4.6,275.0,875
2022-12-18,77462,24.0,29.99,4.6,275.0,858
2022-12-19,77462,23.0,29.99,4.6,275.0,836
2022-12-20,77462,16.0,29.99,4.6,275.0,819
2022-12-21,77462,19.0,29.99,4.6,275.0,904
2022-12-22,77462,20.0,29.99,4.6,275.0,825
2022-12-23,77462,10.0,29.99,4.6,275.0,869
2022-12-24,77462,20.0,29.99,4.6,275.0,915
2022-12-25,77462,5.0,29.99,4.6,275.0,910
2022-12-26,77462,22.0,29.99,4.6,275.0,888
2022-12-27,77462,16.0,29.99,4.6,275.0,873
2022-12-28,77462,32.0,29.99,4.6,275.0,839
2022-12-29,77462,22.0,29.99,4.6,275.0,826
2022-12-30,77462,15.0,29.99,4.6,275.0,812
2022-12-31,77462,22.0,29.99,4.6,275.0,794
2023-01-01,77462,16.0,29.99,4.6,275.0,777
2023-01-02,77462,30.0,29.99,4.6,275.0,753
2023-01-03,77462,14.0,29.99,4.6,275.0,786
2023-01-04,77462,22.0,29.99,4.6,275.0,769
2023-01-05,77462,18.0,29.99,4.6,275.0,748
2023-01-06,77462,18.0,29.99,4.6,275.0,733
2023-01-07,77462,20.0,29.99,4.6,275.0,714
2023-01-08,77462,29.0,29.99,4.6,275.0,686
2023-01-09,77462,25.0,29.99,4.6,275.0,665
2023-01-10,77462,23.0,29.99,4.6,275.0,697
2023-01-11,77462,17.0,29.99,4.6,275.0,785
2023-01-12,77462,31.0,29.99,4.6,275.0,757
2023-01-13,77462,19.0,29.99,4.6,275.0,736
2023-01-14,77462,21.0,29.99,4.6,275.0,716
2023-01-15,77462,20.0,29.99,4.6,275.0,704
2023-01-16,77462,20.0,29.99,4.6,275.0,686
2023-01-17,77462,23.0,29.99,4.6,275.0,660
2023-01-18,77462,26.0,29.99,4.6,275.0,641
2023-01-19,77462,23.0,29.99,4.6,275.0,617
2023-01-20,77462,19.0,29.99,4.6,275.0,653
2023-01-21,77462,24.0,29.99,4.6,275.0,630
2023-01-22,77462,19.0,29.99,4.6,275.0,612
2023-01-23,77462,23.0,29.99,4.6,275.0,612
2023-01-24,77462,17.0,29.99,4.6,275.0,626
2023-01-25,77462,12.0,29.99,4.6,275.0,717
2023-01-26,77462,30.0,29.99,4.6,275.0,737
2023-01-27,77462,22.0,29.99,4.5906,276.0,713
2023-01-28,77462,21.0,29.99,4.5906,276.0,696
2023-01-29,77462,21.0,29.99,4.5906,276.0,671
2023-01-30,77462,20.0,31.99,4.5906,276.0,652
2023-01-31,77462,26.0,31.99,4.5906,276.0,683
2023-02-01,77462,31.0,31.99,4.5906,276.0,656
2023-02-02,77462,24.0,31.99,4.5105,286.0,633
2023-02-03,77462,32.0,31.99,4.5105,286.0,707
2023-02-04,77462,23.0,31.99,4.5105,286.0,737
2023-02-05,77462,34.0,31.99,4.5105,286.0,702
2023-02-06,77462,30.0,31.99,4.5105,286.0,673
2023-02-07,77462,24.0,31.99,4.5105,286.0,651
2023-02-08,77462,11.0,31.99,4.5105,286.0,742
2023-02-09,77462,18.0,31.99,4.5105,286.0,777
2023-02-10,77462,20.0,31.99,4.5105,286.0,758
2023-02-11,77462,27.0,31.99,4.5105,286.0,731
2023-02-12,77462,19.0,31.99,4.5105,286.0,714
2023-02-13,77462,21.0,31.99,4.5105,286.0,695
2023-02-14,77462,24.0,31.99,4.5105,286.0,729
2023-02-15,77462,22.0,31.99,4.5105,286.0,808
2023-02-16,77462,23.0,31.99,4.5105,286.0,789
2023-02-17,77462,28.0,31.99,4.5105,286.0,762
2023-02-18,77462,27.0,31.99,4.5105,286.0,787
2023-02-19,77462,28.0,31.99,4.5105,286.0,762
2023-02-20,77462,18.0,31.99,4.5105,286.0,746
2023-02-21,77462,21.0,31.99,4.5105,286.0,771
2023-02-22,77462,23.0,31.99,4.5105,286.0,755
2023-02-23,77462,26.0,31.99,4.5105,286.0,732
2023-02-24,77462,19.0,31.99,4.5105,286.0,709
2023-02-25,77462,24.0,31.99,4.5105,286.0,688
2023-02-26,77462,20.0,31.99,4.5105,286.0,716
2023-02-27,77462,21.0,31.99,4.5105,286.0,787
2023-02-28,77462,21.0,31.99,4.5105,286.0,877
2023-03-01,77462,33.0,31.99,4.5105,286.0,952
2023-03-02,77462,17.0,31.99,4.5105,286.0,984
2023-03-03,77462,20.0,31.99,4.5052,287.0,1016
2023-03-04,77462,16.0,31.99,4.5052,287.0,1000
2023-03-05,77462,21.0,31.99,4.5052,287.0,983
2023-03-06,77462,20.0,31.99,4.5052,287.0,1018
2023-03-07,77462,18.0,31.99,4.5052,287.0,1053
2023-03-08,77462,17.0,31.99,4.5052,287.0,1041
2023-03-09,77462,28.0,31.99,4.5052,287.0,1067
2023-03-10,77462,28.0,31.99,4.5052,287.0,1044
2023-03-11,77462,13.0,31.99,4.5052,287.0,1028
2023-03-12,77462,33.0,31.99,4.5052,287.0,1003
2023-03-13,77462,25.0,31.99,4.5052,287.0,1091
2023-03-14,77462,19.0,31.99,4.5052,287.0,1072
2023-03-15,77462,28.0,31.99,4.5052,287.0,1105
2023-03-16,77462,21.0,31.99,4.5052,287.0,1234
2023-03-17,77462,20.0,31.99,4.5052,287.0,1188
2023-03-18,77462,19.0,31.99,4.5052,287.0,1172
2023-03-19,77462,19.0,31.99,4.5052,287.0,1156
2023-03-20,77462,16.0,31.99,4.5052,287.0,1169
2023-03-21,77462,24.0,31.99,4.5052,287.0,1193
2023-03-22,77462,17.0,31.99,4.5052,287.0,1181
2023-03-23,77462,17.0,31.99,4.5052,287.0,1168
2023-03-24,77462,22.0,31.99,4.5052,287.0,1201
2023-03-25,77462,26.0,31.99,4.5052,287.0,1234
2023-03-26,77462,21.0,31.99,4.4931,288.0,1205
2023-03-27,77462,21.0,31.99,4.4931,288.0,1194
2023-03-28,77462,22.0,31.99,4.4931,288.0,1218
2023-03-29,77462,32.0,31.99,4.4931,288.0,1237
2023-03-30,77462,14.0,31.99,4.4931,288.0,1275
2023-03-31,77462,10.0,31.99,4.4931,288.0,1266
2023-04-01,77462,14.0,31.99,4.4931,288.0,1253
2023-04-02,77462,24.0,31.99,4.4931,288.0,1284
2023-04-03,77462,20.0,31.99,4.4931,288.0,1266
2023-04-04,77462,18.0,31.99,4.4931,288.0,1246
2023-04-05,77462,28.0,31.99,4.4931,288.0,1229
2023-04-06,77462,25.0,31.99,4.481,289.0,1206
2023-04-07,77462,17.0,31.99,4.481,289.0,1192
2023-04-08,77462,23.0,31.99,4.481,289.0,1171
2023-04-09,77462,14.0,31.99,4.481,289.0,1161
2023-04-10,77462,26.0,31.99,4.481,289.0,1137
2023-04-11,77462,28.0,31.99,4.481,289.0,1110
2023-04-12,77462,24.0,31.99,4.469,290.0,1090
2023-04-13,77462,23.0,31.99,4.469,290.0,1117
2023-04-14,77462,15.0,31.99,4.469,290.0,1149
2023-04-15,77462,10.0,31.99,4.469,290.0,1141
2023-04-16,77462,20.0,31.99,4.469,290.0,1124
2023-04-17,77462,11.0,31.99,4.469,290.0,1114
2023-04-18,77462,19.0,31.99,4.469,290.0,1097
2023-04-19,77462,18.0,31.99,4.469,290.0,1079
2023-04-20,77462,18.0,31.99,4.469,290.0,1069
2023-04-21,77462,22.0,31.99,4.469,290.0,1097
2023-04-22,77462,19.0,31.99,4.469,290.0,1133
2023-04-23,77462,27.0,31.99,4.4708,291.0,1104
2023-04-24,77462,18.0,31.99,4.4708,291.0,1091
2023-04-25,77462,19.0,31.99,4.4726,292.0,1072
2023-04-26,77462,36.0,31.99,4.4726,292.0,1032
2023-04-27,77462,23.0,31.99,4.4726,292.0,1018
2023-04-28,77462,23.0,31.99,4.4726,292.0,988
2023-04-29,77462,25.0,31.99,4.4726,292.0,965
2023-04-30,77462,21.0,31.99,4.4726,292.0,947
2023-05-01,77462,20.0,31.99,4.4726,292.0,924
2023-05-02,77462,32.0,31.99,4.4744,293.0,892
2023-05-03,77462,23.0,31.99,4.4744,293.0,872
2023-05-04,77462,27.0,31.99,4.4744,293.0,894
2023-05-05,77462,17.0,31.99,4.4744,293.0,878
2023-05-06,77462,22.0,31.99,4.4744,293.0,853
2023-05-07,77462,36.0,31.99,4.4744,293.0,817
2023-05-08,77462,18.0,31.99,4.4744,293.0,851
2023-05-09,77462,22.0,31.99,4.4744,293.0,848
2023-05-10,77462,24.0,31.99,4.4744,293.0,875
2023-05-11,77462,12.0,31.99,4.4744,293.0,856
2023-05-12,77462,25.0,31.99,4.4744,293.0,860
2023-05-13,77462,28.0,31.99,4.4744,293.0,880
2023-05-14,77462,25.0,31.99,4.4744,293.0,905
2023-05-15,77462,22.0,31.99,4.4744,293.0,883
2023-05-16,77462,20.0,31.99,4.4744,293.0,865
2023-05-17,77462,21.0,31.99,4.4744,293.0,847
2023-05-18,77462,23.0,31.99,4.4744,293.0,818
2023-05-19,77462,23.0,31.99,4.466,294.0,849
2023-05-20,77462,17.0,31.99,4.466,294.0,881
2023-05-21,77462,15.0,31.99,4.466,294.0,914
2023-05-22,77462,18.0,31.99,4.466,294.0,895
2023-05-23,77462,14.0,31.99,4.466,294.0,881
2023-05-24,77462,21.0,31.99,4.466,294.0,914
2023-05-25,77462,22.0,31.99,4.466,294.0,890
2023-05-26,77462,9.0,31.99,4.466,294.0,928
2023-05-27,77462,17.0,31.99,4.466,294.0,964
2023-05-28,77462,20.0,31.99,4.466,294.0,948
2023-05-29,77462,27.0,31.99,4.466,294.0,912
2023-05-30,77462,24.0,31.99,4.466,294.0,887
2023-05-31,77462,23.0,31.99,4.466,294.0,915
2023-06-01,77462,22.0,31.99,4.466,294.0,890
2023-06-02,77462,29.0,31.99,4.466,294.0,912
2023-06-03,77462,17.0,31.99,4.466,294.0,894
2023-06-04,77462,38.0,31.99,4.466,294.0,880
2023-06-05,77462,24.0,31.99,4.466,294.0,896
2023-06-06,77462,19.0,31.99,4.466,294.0,917
2023-06-07,77462,23.0,31.99,4.466,294.0,945
2023-06-08,77462,17.0,31.99,4.466,294.0,1027
2023-06-09,77462,13.0,31.99,4.466,294.0,1064
2023-06-10,77462,17.0,31.99,4.466,294.0,1098
2023-06-11,77462,20.0,31.99,4.466,294.0,1078
2023-06-12,77462,21.0,31.99,4.466,294.0,1060
2023-06-13,77462,20.0,31.99,4.466,294.0,1034
2023-06-14,77462,22.0,31.99,4.466,294.0,1061
2023-06-15,77462,22.0,31.99,4.466,294.0,1040
2023-06-16,77462,21.0,31.99,4.466,294.0,1018
2023-06-17,77462,18.0,31.99,4.466,294.0,1101
2023-06-18,77462,18.0,31.99,4.466,294.0,1084
2023-06-19,77462,17.0,31.99,4.466,294.0,952
2023-06-20,77462,24.0,31.99,4.466,294.0,1046
2023-06-21,77462,21.0,31.99,4.466,294.0,1070
2023-06-22,77462,19.0,31.99,4.466,294.0,1099
2023-06-23,77462,20.0,31.99,4.466,294.0,1130
2023-06-24,77462,20.0,31.99,4.466,294.0,1108
2023-06-25,77462,26.0,31.99,4.466,294.0,1082
2023-06-26,77462,14.0,31.99,4.466,294.0,1071
2023-06-27,77462,20.0,31.99,4.466,294.0,1099
2023-06-28,77462,24.0,31.99,4.466,294.0,1077
2023-06-29,77462,26.0,31.99,4.466,294.0,1051
2023-06-30,77462,28.0,31.99,4.466,294.0,1023
2023-07-01,77462,26.0,31.99,4.466,294.0,998
2023-07-02,77462,20.0,31.99,4.466,294.0,1029
2023-07-03,77462,25.0,31.99,4.466,294.0,1008
2023-07-04,77462,25.0,31.99,4.466,294.0,1029
2023-07-05,77462,20.0,31.99,4.466,294.0,1007
2023-07-06,77462,19.0,31.99,4.466,294.0,1089
2023-07-07,77462,17.0,31.99,4.466,294.0,1071
2023-07-08,77462,17.0,31.99,4.466,294.0,1105
2023-07-09,77462,17.0,31.99,4.466,294.0,1083
2023-07-10,77462,18.0,31.99,4.4678,295.0,1065
2023-07-11,77462,26.0,31.99,4.4678,295.0,1038
2023-07-12,77462,25.0,31.99,4.4678,295.0,1013
2023-07-13,77462,20.0,31.99,4.4678,295.0,990
2023-07-14,77462,24.0,31.99,4.4678,295.0,967
2023-07-15,77462,20.0,31.99,4.4696,296.0,947
2023-07-16,77462,23.0,31.99,4.4696,296.0,921
2023-07-17,77462,31.0,31.99,4.4696,296.0,952
2023-07-18,77462,11.0,31.99,4.4696,296.0,935
2023-07-19,77462,36.0,31.99,4.4696,296.0,954
2023-07-20,77462,25.0,31.99,4.4696,296.0,954
2023-07-21,77462,18.0,31.99,4.4696,296.0,950
2023-07-22,77462,18.0,31.99,4.4714,297.0,932
2023-07-23,77462,28.0,31.99,4.4714,297.0,907
2023-07-24,77462,38.0,31.99,4.4714,297.0,868
2023-07-25,77462,25.0,31.99,4.4714,297.0,844
2023-07-26,77462,23.0,31.99,4.4714,297.0,821
2023-07-27,77462,19.0,31.99,4.4714,297.0,802
2023-07-28,77462,19.0,31.99,4.4714,297.0,840
2023-07-29,77462,14.0,31.99,4.4714,297.0,824
2023-07-30,77462,22.0,31.99,4.4714,297.0,848
2023-07-31,77462,21.0,31.99,4.4714,297.0,831
2023-08-01,77462,22.0,31.99,4.4714,297.0,858
2023-08-02,77462,23.0,31.99,4.4714,297.0,836
2023-08-03,77462,17.0,31.99,4.4714,297.0,814
2023-08-04,77462,25.0,31.99,4.4714,297.0,792
2023-08-05,77462,17.0,31.99,4.4714,297.0,825
2023-08-06,77462,17.0,31.99,4.4714,297.0,809
2023-08-07,77462,21.0,31.99,4.4714,297.0,770
2023-08-08,77462,19.0,31.99,4.4714,297.0,803
2023-08-09,77462,27.0,31.99,4.4714,297.0,772
2023-08-10,77462,13.0,31.99,4.4714,297.0,758
2023-08-11,77462,23.0,31.99,4.4714,297.0,738
2023-08-12,77462,20.0,31.99,4.4714,297.0,820
2023-08-13,77462,27.0,31.99,4.4714,297.0,793
2023-08-14,77462,20.0,31.99,4.4714,297.0,771
2023-08-15,77462,29.0,31.99,4.4714,297.0,757
2023-08-16,77462,19.0,31.99,4.4714,297.0,739
2023-08-17,77462,11.0,31.99,4.4714,297.0,728
2023-08-18,77462,29.0,31.99,4.4714,297.0,748
2023-08-19,77462,24.0,31.99,4.4714,297.0,727
2023-08-20,77462,11.0,31.99,4.4714,297.0,762
2023-08-21,77462,26.0,31.99,4.4714,297.0,738
2023-08-22,77462,27.0,31.99,4.4714,297.0,705
2023-08-23,77462,21.0,31.99,4.4714,297.0,689
2023-08-24,77462,16.0,31.99,4.4714,297.0,671
2023-08-25,77462,27.0,31.99,4.4714,297.0,645
2023-08-26,77462,30.0,31.99,4.4714,297.0,611
2023-08-27,77462,27.0,31.99,4.4714,297.0,588
2023-08-28,77462,16.0,31.99,4.4714,297.0,625
2023-08-29,77462,30.0,31.99,4.4714,297.0,590
2023-08-30,77462,25.0,31.99,4.4714,297.0,645
2023-08-31,77462,25.0,31.99,4.4714,297.0,673
2023-09-01,77462,26.0,31.99,4.4714,297.0,645
2023-09-02,77462,20.0,31.99,4.4714,297.0,623
2023-09-03,77462,11.0,31.99,4.4714,297.0,617
2023-09-04,77462,17.0,31.99,4.4714,297.0,599
2023-09-05,77462,11.0,31.99,4.4714,297.0,639
2023-09-06,77462,13.0,31.99,4.4714,297.0,625
2023-09-07,77462,18.0,31.99,4.4714,297.0,610
2023-09-08,77462,21.0,31.99,4.4714,297.0,604
2023-09-09,77462,33.0,31.99,4.4714,297.0,573
2023-09-10,77462,32.0,31.99,4.4714,297.0,543
2023-09-11,77462,26.0,31.99,4.4714,297.0,606
2023-09-12,77462,24.0,31.99,4.4714,297.0,681
2023-09-13,77462,24.0,31.99,4.4714,297.0,665
2023-09-14,77462,18.0,31.99,4.4714,297.0,638
2023-09-15,77462,25.0,31.99,4.4714,297.0,618
2023-09-16,77462,20.0,31.99,4.4714,297.0,692
2023-09-17,77462,27.0,31.99,4.4714,297.0,717
2023-09-18,77462,31.0,31.99,4.4714,297.0,736
2023-09-19,77462,16.0,31.99,4.4714,297.0,719
2023-09-20,77462,27.0,31.99,4.4714,297.0,693
2023-09-21,77462,16.0,31.99,4.4714,297.0,677
2023-09-22,77462,19.0,31.99,4.4714,297.0,656
2023-09-23,77462,20.0,31.99,4.4714,297.0,638
2023-09-24,77462,19.0,31.99,4.4714,297.0,618
2023-09-25,77462,18.0,31.99,4.4714,297.0,648
2023-09-26,77462,20.0,31.99,4.4714,297.0,629
2023-09-27,77462,28.0,31.99,4.4714,297.0,601
2023-09-28,77462,12.0,31.99,4.4714,297.0,596
2023-09-29,77462,31.0,31.99,4.4714,297.0,557
2023-09-30,77462,13.0,31.99,4.4714,297.0,595
2023-10-01,77462,23.0,31.99,4.4714,297.0,571
2023-10-02,77462,17.0,31.99,4.4714,297.0,554
2023-10-03,77462,23.0,31.99,4.4714,297.0,580
2023-10-04,77462,28.0,31.99,4.4714,297.0,599
2023-10-05,77462,20.0,31.99,4.4714,297.0,582
2023-10-06,77462,15.0,31.99,4.4714,297.0,569
2023-10-07,77462,32.0,31.99,4.4714,297.0,538
2023-10-08,77462,17.0,31.99,4.4714,297.0,521
2023-10-09,77462,20.0,31.99,4.4714,297.0,549
2023-10-10,77462,22.0,31.99,4.4714,297.0,573
2023-10-11,77462,27.0,31.99,4.4714,297.0,595
2023-10-12,77462,18.0,31.99,4.4714,297.0,577
2023-10-13,77462,27.0,31.99,4.4714,297.0,552
2023-10-14,77462,20.0,31.99,4.4714,297.0,531
2023-10-15,77462,22.0,31.99,4.4714,297.0,557
2023-10-16,77462,34.0,31.99,4.4714,297.0,520
2023-10-17,77462,32.0,31.99,4.4714,297.0,591
2023-10-18,77462,16.0,31.99,4.4714,297.0,582
2023-10-19,77462,15.0,31.99,4.4714,297.0,613
2023-10-20,77462,26.0,31.99,4.4714,297.0,585
2023-10-21,77462,23.0,31.99,4.4714,297.0,613
2023-10-22,77462,28.0,31.99,4.4714,297.0,685
2023-10-23,77462,20.0,31.99,4.4714,297.0,669
2023-10-24,77462,29.0,31.99,4.4714,297.0,690
2023-10-25,77462,28.0,31.99,4.4714,297.0,658
2023-10-26,77462,23.0,31.99,4.4714,297.0,637
2023-10-27,77462,23.0,31.99,4.4714,297.0,610
2023-10-28,77462,21.0,31.99,4.4714,297.0,589
2023-10-29,77462,23.0,31.99,4.4714,297.0,566
2023-10-30,77462,26.0,31.99,4.4714,297.0,695
2023-10-31,77462,35.0,31.99,4.4714,297.0,657
2023-11-01,77462,24.0,31.99,4.4714,297.0,633
2023-11-02,77462,36.0,31.99,4.4714,297.0,647
2023-11-03,77462,24.0,31.99,4.4714,297.0,621
2023-11-04,77462,28.0,31.99,4.4714,297.0,696
2023-11-05,77462,45.0,31.99,4.4714,297.0,698
2023-11-06,77462,34.0,31.99,4.4732,298.0,666
2023-11-07,77462,26.0,31.99,4.4732,298.0,741
2023-11-08,77462,14.0,31.99,4.4732,298.0,727
2023-11-09,77462,17.0,31.99,4.4732,298.0,712
2023-11-10,77462,32.0,31.99,4.4732,298.0,677
2023-11-11,77462,17.0,31.99,4.4732,298.0,661
2023-11-12,77462,28.0,31.99,4.4732,298.0,631
2023-11-13,77462,18.0,31.99,4.4732,298.0,665
2023-11-14,77462,27.0,31.99,4.4732,298.0,737
2023-11-15,77462,22.0,31.99,4.4732,298.0,715
2023-11-16,77462,14.0,31.99,4.4732,298.0,699
2023-11-17,77462,23.0,31.99,4.4732,298.0,679
2023-11-18,77462,18.0,31.99,4.4749,299.0,662
2023-11-19,77462,12.0,31.99,4.4749,299.0,648
2023-11-20,77462,18.0,31.99,4.4749,299.0,638
2023-11-21,77462,19.0,31.99,4.4749,299.0,661
2023-11-22,77462,22.0,31.99,4.4749,299.0,638
2023-11-23,77462,9.0,31.99,4.4749,299.0,679
2023-11-24,77462,26.0,31.99,4.4767,300.0,651
2023-11-25,77462,23.0,31.99,4.4684,301.0,628
2023-11-26,77462,24.0,31.99,4.4684,301.0,653
2023-11-27,77462,26.0,31.99,4.4684,301.0,626
2023-11-28,77462,24.0,31.99,4.4684,301.0,705
2023-11-29,77462,22.0,31.99,4.4684,301.0,732
2023-11-30,77462,24.0,31.99,4.4702,302.0,708
2023-12-01,77462,27.0,31.99,4.4702,302.0,629
2023-12-02,77462,15.0,31.99,4.4702,302.0,717
2023-12-03,77462,24.0,31.99,4.4702,302.0,791
2023-12-04,77462,17.0,31.99,4.4702,302.0,827
2023-12-05,77462,22.0,31.99,4.4702,302.0,956
2023-12-06,77462,12.0,31.99,4.4702,302.0,945
2023-12-07,77462,15.0,31.99,4.4702,302.0,982
2022-12-07,92591,4.0,61.99,4.7333,15.0,11
2022-12-11,92591,3.0,61.99,4.7333,15.0,8
2022-12-14,92591,1.0,61.99,4.7333,15.0,7
2022-12-19,92591,2.0,61.99,4.7333,15.0,24
2022-12-21,92591,1.0,61.99,4.7333,15.0,23
2022-12-23,92591,2.0,61.99,4.7333,15.0,21
2022-12-29,92591,2.0,61.99,4.7333,15.0,19
2023-01-03,92591,1.0,61.99,4.7333,15.0,18
2023-01-04,92591,2.0,61.99,4.7333,15.0,18
2023-01-05,92591,1.0,61.99,4.7333,15.0,17
2023-01-06,92591,1.0,61.99,4.7333,15.0,16
2023-01-07,92591,2.0,61.99,4.7333,15.0,13
2023-01-08,92591,1.0,61.99,4.7333,15.0,13
2023-01-13,92591,1.0,61.99,4.7333,15.0,15
2023-01-14,92591,1.0,61.99,4.7333,15.0,16
2023-01-15,92591,2.0,61.99,4.7333,15.0,16
2023-01-16,92591,1.0,61.99,4.7333,15.0,22
2023-01-17,92591,3.0,61.99,4.7333,15.0,19
2023-01-19,92591,1.0,61.99,4.7333,15.0,18
2023-01-24,92591,2.0,61.99,4.7333,15.0,16
2023-01-25,92591,1.0,61.99,4.7333,15.0,15
2023-01-27,92591,1.0,61.99,4.7333,15.0,14
2023-01-29,92591,1.0,61.99,4.7333,15.0,13
2023-01-30,92591,1.0,61.99,4.7333,15.0,27
2023-01-31,92591,1.0,61.99,4.7333,15.0,28
2023-02-01,92591,2.0,61.99,4.7333,15.0,26
2023-02-04,92591,2.0,61.99,4.75,16.0,24
2023-02-06,92591,1.0,61.99,4.75,16.0,23
2023-02-07,92591,1.0,61.99,4.75,16.0,22
2023-02-08,92591,1.0,61.99,4.75,16.0,21
2023-02-09,92591,1.0,61.99,4.75,16.0,20
2023-02-12,92591,1.0,61.99,4.75,16.0,19
2023-02-14,92591,1.0,61.99,4.75,16.0,18
2023-02-15,92591,2.0,61.99,4.75,16.0,18
2023-02-16,92591,1.0,61.99,4.75,16.0,17
2023-02-19,92591,1.0,61.99,4.75,16.0,16
2023-02-20,92591,1.0,61.99,4.75,16.0,27
2023-02-22,92591,2.0,61.99,4.75,16.0,27
2023-02-23,92591,2.0,61.99,4.75,16.0,25
2023-02-26,92591,3.0,61.99,4.75,16.0,24
2023-03-02,92591,2.0,61.99,4.75,16.0,23
2023-03-05,92591,1.0,61.99,4.7647,17.0,22
2023-03-07,92591,1.0,61.99,4.7647,17.0,27
2023-03-10,92591,1.0,61.99,4.7647,17.0,26
2023-03-13,92591,1.0,61.99,4.7647,17.0,20
2023-03-14,92591,2.0,61.99,4.7647,17.0,18
2023-03-15,92591,2.0,61.99,4.7647,17.0,16
2023-03-17,92591,2.0,61.99,4.7647,17.0,23
2023-03-19,92591,1.0,61.99,4.7647,17.0,22
2023-03-22,92591,2.0,61.99,4.7647,17.0,33
2023-03-24,92591,1.0,61.99,4.7647,17.0,32
2023-03-27,92591,1.0,61.99,4.7647,17.0,33
2023-03-29,92591,1.0,61.99,4.7647,17.0,36
2023-03-31,92591,2.0,61.99,4.7647,17.0,34
2023-04-03,92591,1.0,64.59,4.7647,17.0,33
2023-04-04,92591,1.0,64.59,4.7647,17.0,32
2023-04-05,92591,1.0,64.59,4.7647,17.0,31
2023-04-06,92591,2.0,64.59,4.7647,17.0,29
2023-04-09,92591,4.0,64.59,4.7647,17.0,26
2023-04-11,92591,2.0,64.59,4.7647,17.0,18
2023-04-17,92591,1.0,64.59,4.7647,17.0,20
2023-04-21,92591,2.0,64.59,4.7647,17.0,25
2023-04-24,92591,1.0,64.59,4.7647,17.0,24
2023-05-01,92591,3.0,64.59,4.7647,17.0,21
2023-05-03,92591,1.0,64.59,4.7647,17.0,19
2023-05-05,92591,1.0,64.59,4.7647,17.0,20
2023-05-07,92591,1.0,64.59,4.7647,17.0,19
2023-05-09,92591,1.0,64.59,4.7647,17.0,17
2023-05-10,92591,3.0,64.59,4.7647,17.0,15
2023-05-15,92591,2.0,64.59,4.7647,17.0,13
2023-05-16,92591,2.0,64.59,4.7647,17.0,11
2023-05-17,92591,1.0,64.59,4.7647,17.0,10
2023-05-21,92591,3.0,64.59,4.7647,17.0,9
2023-05-22,92591,1.0,64.59,4.7647,17.0,20
2023-05-23,92591,1.0,64.59,4.7647,17.0,19
2023-05-26,92591,1.0,64.59,4.7647,17.0,18
2023-05-28,92591,1.0,64.59,4.7647,17.0,17
2023-06-04,92591,3.0,64.59,4.7647,17.0,14
2023-06-06,92591,2.0,64.59,4.7647,17.0,13
2023-06-09,92591,1.0,64.59,4.7647,17.0,12
2023-06-19,92591,2.0,64.59,4.7647,17.0,20
2023-06-22,92591,1.0,64.59,4.7647,17.0,19
2023-06-23,92591,1.0,64.59,4.7647,17.0,18
2023-06-25,92591,1.0,64.59,4.7647,17.0,17
2023-06-26,92591,2.0,64.59,4.5556,18.0,17
2023-06-28,92591,2.0,64.59,4.5556,18.0,14
2023-06-30,92591,1.0,64.59,4.5556,18.0,13
2023-07-02,92591,2.0,64.59,4.5556,18.0,11
2023-07-04,92591,1.0,64.59,4.5556,18.0,10
2023-07-12,92591,3.0,64.59,4.5556,18.0,13
2023-07-17,92591,1.0,64.59,4.5556,18.0,12
2023-07-19,92591,2.0,64.59,4.5556,18.0,10
2023-07-22,92591,1.0,64.59,4.5556,18.0,9
2023-07-29,92591,2.0,64.59,4.5556,18.0,14
2023-07-30,92591,1.0,64.59,4.5556,18.0,13
2023-07-31,92591,1.0,64.59,4.5556,18.0,12
2023-08-01,92591,1.0,64.59,4.5556,18.0,11
2023-08-02,92591,1.0,64.59,4.5556,18.0,14
2023-08-05,92591,1.0,64.59,4.5556,18.0,15
2023-08-10,92591,1.0,64.59,4.5556,18.0,14
2023-08-12,92591,3.0,64.59,4.5556,18.0,12
2023-08-14,92591,1.0,64.59,4.5556,18.0,11
2023-08-15,92591,1.0,64.59,4.5556,18.0,10
2023-08-18,92591,1.0,64.59,4.5556,18.0,11
2023-08-19,92591,1.0,64.59,4.5556,18.0,10
2023-08-27,92591,2.0,64.59,4.5556,18.0,17
2023-08-30,92591,1.0,64.59,4.5556,18.0,18
2023-09-01,92591,1.0,64.59,4.5556,18.0,20
2023-09-08,92591,1.0,64.59,4.5556,18.0,25
2023-09-10,92591,2.0,64.59,4.5556,18.0,23
2023-09-12,92591,1.0,64.59,4.5556,18.0,22
2023-09-13,92591,1.0,64.59,4.5556,18.0,21
2023-09-16,92591,3.0,64.59,4.5556,18.0,17
2023-09-17,92591,1.0,64.59,4.5556,18.0,17
2023-09-20,92591,1.0,64.59,4.5556,18.0,17
2023-09-21,92591,1.0,64.59,4.5556,18.0,16
2023-09-24,92591,3.0,64.59,4.5556,18.0,13
2023-09-27,92591,1.0,64.59,4.5556,18.0,12
2023-09-28,92591,2.0,64.59,4.5556,18.0,12
2023-10-07,92591,1.0,64.59,4.5556,18.0,12
2023-10-08,92591,1.0,64.59,4.5556,18.0,12
2023-10-11,92591,1.0,64.59,4.5556,18.0,14
2023-10-18,92591,1.0,64.59,4.5556,18.0,19
2023-10-20,92591,1.0,64.59,4.5556,18.0,18
2023-10-21,92591,1.0,64.59,4.5556,18.0,17
2023-10-22,92591,1.0,64.59,4.5556,18.0,18
2023-10-27,92591,1.0,64.59,4.5556,18.0,18
2023-10-28,92591,2.0,64.59,4.5556,18.0,16
2023-11-02,92591,3.0,64.59,4.5556,18.0,17
2023-11-03,92591,2.0,64.59,4.5556,18.0,15
2023-11-04,92591,1.0,64.59,4.5556,18.0,14
2023-11-06,92591,2.0,64.59,4.5556,18.0,12
2023-11-07,92591,1.0,64.59,4.5556,18.0,14
2023-11-08,92591,1.0,64.59,4.5556,18.0,13
2023-11-11,92591,2.0,64.59,4.5556,18.0,11
2023-11-12,92591,1.0,64.59,4.5556,18.0,10
2023-11-14,92591,1.0,64.59,4.5556,18.0,9
2023-11-15,92591,1.0,64.59,4.5556,18.0,8
2023-11-16,92591,1.0,64.59,4.5556,18.0,7
2023-11-17,92591,1.0,64.59,4.5556,18.0,8
2023-11-18,92591,1.0,64.59,4.5556,18.0,7
2023-11-20,92591,1.0,64.59,4.5556,18.0,7
2023-11-21,92591,1.0,64.59,4.5556,18.0,14
2023-11-25,92591,1.0,64.59,4.5789,19.0,15
2023-11-27,92591,1.0,64.59,4.5789,19.0,14
2023-11-29,92591,1.0,64.59,4.5789,19.0,13
2023-12-05,92591,1.0,64.59,4.5789,19.0,15
2023-12-06,92591,2.0,64.59,4.5789,19.0,13
