order_placed_dttm,product_merch_classification1,net_sales,units
2022-11-16,Consumables,16730132.03,755380
2022-11-17,Consumables,16407980.96,735910
2022-11-18,Consumables,21281133.37,933291
2022-11-19,Consumables,16831386.83,753320
2022-11-20,Consumables,15578738.71,704845
2022-11-21,Consumables,15885637.13,718103
2022-11-22,Consumables,14310173.46,642227
2022-11-23,Consumables,15580642.75,748076
2022-11-24,Consumables,12040725.93,601122
2022-11-25,Consumables,20443008.56,1098570
2022-11-26,Consumables,18776612.24,929639
2022-11-27,Consumables,17672344,897506
2022-11-28,Consumables,23330447.06,1244433
2022-11-29,Consumables,19501861.75,966722
2022-11-30,Consumables,16264889.87,750643
2022-12-01,Consumables,15180981.88,712646
2022-12-02,Consumables,16181785.54,760668
2022-12-03,Consumables,16668367.22,764638
2022-12-04,Consumables,15738796.45,732887
2022-12-05,Consumables,16161976.48,746277
2022-12-06,Consumables,15958774.8,733769
2022-12-07,Consumables,16015231.6,731391
2022-12-08,Consumables,14252328.63,659918
2022-12-09,Consumables,15757218.68,733232
2022-12-10,Consumables,16251917.67,740803
2022-12-11,Consumables,15902343.39,742275
2022-12-12,Consumables,16517272.51,763281
2022-12-13,Consumables,16783302.41,765626
2022-12-14,Consumables,17287053.45,798146
2022-12-15,Consumables,15146266.97,712113
2022-12-16,Consumables,15700781.99,720052
2022-12-17,Consumables,16719342.24,758249
2022-12-18,Consumables,16382751.69,755707
2022-12-19,Consumables,16183150.08,733623
2022-12-20,Consumables,15398031.61,688448
2022-12-21,Consumables,14498273.57,639774
2022-12-22,Consumables,12154911.55,536046
2022-12-23,Consumables,12627241.65,541142
2022-12-24,Consumables,12707364.81,527781
2022-12-25,Consumables,4326700.238,202034
2022-12-26,Consumables,16658417.94,728888
2022-12-27,Consumables,16677202.09,730479
2022-12-28,Consumables,16711810.33,734946
2022-12-29,Consumables,16718432.59,728843
2022-12-30,Consumables,15350612.13,682525
2022-12-31,Consumables,15393407.75,674566
2023-01-01,Consumables,16267985.05,695061
2023-01-02,Consumables,17884416.42,788635
2023-01-03,Consumables,16927714.21,752884
2023-01-04,Consumables,16712021.92,742688
2023-01-05,Consumables,16676015.29,737919
2023-01-06,Consumables,15038869.98,681581
2023-01-07,Consumables,15273380.72,683527
2023-01-08,Consumables,17487350.72,765223
2023-01-09,Consumables,16623910.75,740551
2023-01-10,Consumables,15837336.17,697749
2023-01-11,Consumables,16177313.81,714889
2023-01-12,Consumables,16444272.43,725965
2023-01-13,Consumables,14717143.38,662833
2023-01-14,Consumables,15433151.06,682820
2023-01-15,Consumables,16638989.92,722723
2023-01-16,Consumables,16149593.85,717868
2023-01-17,Consumables,15118120.23,666496
2023-01-18,Consumables,15601050.99,692421
2023-01-19,Consumables,16277509.47,718086
2023-01-20,Consumables,14418418.15,650634
2023-01-21,Consumables,14930942.04,662235
2023-01-22,Consumables,17461628.26,756302
2023-01-23,Consumables,16131259.88,714001
2023-01-24,Consumables,15629171.94,690771
2023-01-25,Consumables,16404604.43,733500
2023-01-26,Consumables,16079743.91,712777
2023-01-27,Consumables,14596250.51,660372
2023-01-28,Consumables,15404123.3,688138
2023-01-29,Consumables,17063260.55,749754
2023-01-30,Consumables,18889769.97,857727
2023-01-31,Consumables,18778050.62,863428
2023-02-01,Consumables,17984949.04,839995
2023-02-02,Consumables,17472215.7,803490
2023-02-03,Consumables,16677005.99,797671
2023-02-04,Consumables,16125996.39,748207
2023-02-05,Consumables,19857498.11,909166
2023-02-06,Consumables,16447300.84,728844
2023-02-07,Consumables,15547909.51,680305
2023-02-08,Consumables,16011024.08,708836
2023-02-09,Consumables,16650925.81,728921
2023-02-10,Consumables,14449842.46,641367
2023-02-11,Consumables,15085594.72,658405
2023-02-12,Consumables,16273330,689900
2023-02-13,Consumables,15701344.05,673512
2023-02-14,Consumables,15375077.53,657351
2023-02-15,Consumables,16265453.69,707371
2023-02-16,Consumables,16720427.79,727830
2023-02-17,Consumables,15010016.32,667533
2023-02-18,Consumables,15475595.25,678618
2023-02-19,Consumables,17015733.37,729586
2023-02-20,Consumables,16345016.58,710735
2023-02-21,Consumables,15604874.52,672952
2023-02-22,Consumables,16596984.53,720830
2023-02-23,Consumables,16346657.25,706136
2023-02-24,Consumables,14886655.63,654108
2023-02-25,Consumables,15813420.21,680583
2023-02-26,Consumables,17520357.66,745044
2023-02-27,Consumables,18907477.24,803185
2023-02-28,Consumables,18522784.35,787652
2023-03-01,Consumables,17378333.79,752303
2023-03-02,Consumables,18064845.41,784010
2023-03-03,Consumables,16275403.43,732931
2023-03-04,Consumables,16343345.11,710531
2023-03-05,Consumables,17988322.85,762202
2023-03-06,Consumables,16971958.95,722788
2023-03-07,Consumables,16367471.53,694551
2023-03-08,Consumables,16908747.81,725836
2023-03-09,Consumables,17219353.58,731028
2023-03-10,Consumables,14957094.11,650467
2023-03-11,Consumables,15342690.84,661187
2023-03-12,Consumables,17133947.44,719451
2023-03-13,Consumables,16568771.75,705256
2023-03-14,Consumables,17229147.04,724972
2023-03-15,Consumables,17308693.64,735450
2023-03-16,Consumables,17334357.28,737714
2023-03-17,Consumables,15053199.34,650195
2023-03-18,Consumables,16226309.63,690987
2023-03-19,Consumables,18592122.75,773566
2023-03-20,Consumables,18318301.17,794904
2023-03-21,Consumables,17597309.41,770447
2023-03-22,Consumables,17933232.78,789175
2023-03-23,Consumables,17586829.07,764691
2023-03-24,Consumables,15663497.67,691591
2023-03-25,Consumables,16066733.58,701266
2023-03-26,Consumables,19707454.2,866249
2023-03-27,Consumables,17470107.34,735077
2023-03-28,Consumables,16229817.62,678498
2023-03-29,Consumables,17358932.4,729489
2023-03-30,Consumables,18430780.65,765873
2023-03-31,Consumables,17199493.52,731855
2023-04-01,Consumables,16550506.1,703530
2023-04-02,Consumables,18757582.02,776719
2023-04-03,Consumables,17720539.17,751901
2023-04-04,Consumables,16366998.34,681179
2023-04-05,Consumables,16406435.7,679840
2023-04-06,Consumables,16964732.5,701499
2023-04-07,Consumables,15035089.44,630974
2023-04-08,Consumables,14912952.34,611777
2023-04-09,Consumables,16455877.85,656514
2023-04-10,Consumables,17469323.8,724123
2023-04-11,Consumables,16718944.63,692428
2023-04-12,Consumables,16881540.21,705642
2023-04-13,Consumables,17434711.75,724422
2023-04-14,Consumables,15796095.34,667829
2023-04-15,Consumables,16091389.56,671751
2023-04-16,Consumables,18275475.14,745786
2023-04-17,Consumables,17099733.38,711076
2023-04-18,Consumables,16363392.9,681535
2023-04-19,Consumables,17322007.97,720957
2023-04-20,Consumables,16952833.05,700559
2023-04-21,Consumables,15380618.86,651905
2023-04-22,Consumables,16151026,675229
2023-04-23,Consumables,18387625.41,752041
2023-04-24,Consumables,17846476.71,735036
2023-04-25,Consumables,16815873.04,695801
2023-04-26,Consumables,17519172.79,727339
2023-04-27,Consumables,18516911.09,761382
2023-04-28,Consumables,15100901.73,640532
2023-04-29,Consumables,17499848.21,724759
2023-04-30,Consumables,20100139.61,817587
2023-05-01,Consumables,18833335.73,811317
2023-05-02,Consumables,17724074.14,776094
2023-05-03,Consumables,18292252.05,811994
2023-05-04,Consumables,18303852.04,792937
2023-05-05,Consumables,14706191.51,654592
2023-05-06,Consumables,15348692.66,661224
2023-05-07,Consumables,18617126.16,794283
2023-05-08,Consumables,16813234.8,709751
2023-05-09,Consumables,16343249.69,680601
2023-05-10,Consumables,16907740.54,705219
2023-05-11,Consumables,17314226.95,716394
2023-05-12,Consumables,14043240.86,596655
2023-05-13,Consumables,15632706.52,647888
2023-05-14,Consumables,17650387.96,711006
2023-05-15,Consumables,17383577.9,723288
2023-05-16,Consumables,16627729.87,689188
2023-05-17,Consumables,16931946.57,698617
2023-05-18,Consumables,17600960.02,721066
2023-05-19,Consumables,14666212.17,614038
2023-05-20,Consumables,15845148.92,653879
2023-05-21,Consumables,17926679.48,721911
2023-05-22,Consumables,17384815.59,712297
2023-05-23,Consumables,16458186.9,675785
2023-05-24,Consumables,17849519.86,730779
2023-05-25,Consumables,17332873.24,709499
2023-05-26,Consumables,14091816.6,590645
2023-05-27,Consumables,15390734.05,627316
2023-05-28,Consumables,15826009.02,638446
2023-05-29,Consumables,16914167.15,695366
2023-05-30,Consumables,18700574.08,761127
2023-05-31,Consumables,20566774.58,841933
2023-06-01,Consumables,18851376.84,789799
2023-06-02,Consumables,15649730.44,678382
2023-06-03,Consumables,16101756,674234
2023-06-04,Consumables,18675105.84,763894
2023-06-05,Consumables,17338826.94,717998
2023-06-06,Consumables,16530041.87,683881
2023-06-07,Consumables,17581032.74,720421
2023-06-08,Consumables,17271058.33,708653
2023-06-09,Consumables,14425783.02,604557
2023-06-10,Consumables,15628710.13,641286
2023-06-11,Consumables,18588820.96,744614
2023-06-12,Consumables,16936369,695819
2023-06-13,Consumables,16232614.29,663919
2023-06-14,Consumables,18086919.25,743993
2023-06-15,Consumables,17529909.31,722331
2023-06-16,Consumables,14746389.28,618536
2023-06-17,Consumables,15611740.64,639249
2023-06-18,Consumables,17141135.55,690336
2023-06-19,Consumables,17766970.66,726117
2023-06-20,Consumables,17736608.43,762181
2023-06-21,Consumables,18121403.42,775787
2023-06-22,Consumables,18241162.23,788101
2023-06-23,Consumables,15880622.86,701363
2023-06-24,Consumables,16824557.3,722504
2023-06-25,Consumables,18262992.11,770054
2023-06-26,Consumables,19306821.53,849308
2023-06-27,Consumables,16648515.1,686350
2023-06-28,Consumables,17763548.77,729135
2023-06-29,Consumables,19090805.75,775888
2023-06-30,Consumables,15851712.19,665285
2023-07-01,Consumables,15720098.96,647417
2023-07-02,Consumables,16644275.13,673914
2023-07-03,Consumables,15816829.65,661454
2023-07-04,Consumables,15610641.41,636687
2023-07-05,Consumables,18227845.36,745188
2023-07-06,Consumables,17865896.87,735288
2023-07-07,Consumables,14748298.56,625390
2023-07-08,Consumables,15888968.49,658107
2023-07-09,Consumables,18416554.49,744926
2023-07-10,Consumables,16811077.62,697433
2023-07-11,Consumables,16036527.49,673803
2023-07-12,Consumables,16887917.29,715991
2023-07-13,Consumables,17160406.21,716025
2023-07-14,Consumables,14419800.67,613631
2023-07-15,Consumables,15335847.74,637128
2023-07-16,Consumables,17957881.66,728642
2023-07-17,Consumables,17215659.29,720270
2023-07-18,Consumables,16126101.69,678431
2023-07-19,Consumables,17785497.99,748343
2023-07-20,Consumables,16888708.36,709538
2023-07-21,Consumables,14424053.08,626541
2023-07-22,Consumables,24776505.23,988301
2023-07-23,Consumables,17098080.48,712254
2023-07-24,Consumables,17703690.35,740869
2023-07-25,Consumables,17652032.63,730013
2023-07-26,Consumables,17514287.34,741843
2023-07-27,Consumables,14072676.97,611340
2023-07-28,Consumables,16726046.05,707994
2023-07-29,Consumables,17567070.06,727206
2023-07-30,Consumables,18265366.42,754989
2023-07-31,Consumables,17750990.29,741054
2023-08-01,Consumables,18010692.88,747508
2023-08-02,Consumables,17645011.31,726617
2023-08-03,Consumables,15489847.7,663202
2023-08-04,Consumables,16901325.5,703163
2023-08-05,Consumables,16748602.95,685063
2023-08-06,Consumables,16311007.73,669729
2023-08-07,Consumables,17107119.93,704822
2023-08-08,Consumables,17026906.94,697239
2023-08-09,Consumables,16797783.18,689473
2023-08-10,Consumables,14404869.84,603777
2023-08-11,Consumables,16520702.34,678851
2023-08-12,Consumables,16626679.09,675513
2023-08-13,Consumables,16802592.34,687572
2023-08-14,Consumables,17175469.57,704916
2023-08-15,Consumables,17260945.19,704600
2023-08-16,Consumables,17262042.98,707386
2023-08-17,Consumables,14449562.16,603654
2023-08-18,Consumables,16980175.97,696263
2023-08-19,Consumables,16477809.69,666305
2023-08-20,Consumables,16335207.83,665595
2023-08-21,Consumables,16824344.36,690717
2023-08-22,Consumables,17433013.8,714199
2023-08-23,Consumables,17230004.59,713228
2023-08-24,Consumables,14180577.13,596286
2023-08-25,Consumables,17576505.91,746861
2023-08-26,Consumables,18208947.79,778076
2023-08-27,Consumables,17866687.76,771446
2023-08-28,Consumables,18125515.86,774992
2023-08-29,Consumables,19080320.48,797301
2023-08-30,Consumables,19157153.06,810681
2023-08-31,Consumables,17056131.42,765858
2023-09-01,Consumables,18106872.45,763822
2023-09-02,Consumables,16248984.4,669985
2023-09-03,Consumables,15620090.65,640637
2023-09-04,Consumables,16758466.34,690938
2023-09-05,Consumables,8685906.424,394197
2023-09-06,Consumables,16564932.29,684568
2023-09-07,Consumables,17171983.51,715139
2023-09-08,Consumables,14168214.13,603176
2023-09-09,Consumables,15711384.33,651900
2023-09-10,Consumables,17601528.02,721540
2023-09-11,Consumables,16469322.93,681545
2023-09-12,Consumables,15754458.39,650749
2023-09-13,Consumables,17125154.74,706085
2023-09-14,Consumables,17388138.6,715038
2023-09-15,Consumables,14190017.03,598928
2023-09-16,Consumables,15848262.29,651011
2023-09-17,Consumables,17338528.71,704443
2023-09-18,Consumables,16676023.86,686218
2023-09-19,Consumables,16281693.54,664187
2023-09-20,Consumables,17355682.1,708282
2023-09-21,Consumables,16551341.35,677062
2023-09-22,Consumables,13506801.17,565898
2023-09-23,Consumables,15666734.38,641896
2023-09-24,Consumables,17463975.92,704745
2023-09-25,Consumables,17997937.46,786498
2023-09-26,Consumables,16997384.13,734498
2023-09-27,Consumables,18350613.42,795094
2023-09-28,Consumables,18117699.4,787201
2023-09-29,Consumables,17074498.42,759804
2023-09-30,Consumables,17728005,764390
2023-10-01,Consumables,20278540.29,886074
2023-10-02,Consumables,17143727.79,718948
2023-10-03,Consumables,16756915.87,703833
2023-10-04,Consumables,16908959.89,700246
2023-10-05,Consumables,16729623.82,692986
2023-10-06,Consumables,22233509.75,894396
2023-10-07,Consumables,16846041.79,687665
2023-10-08,Consumables,15978847.01,656523
2023-10-09,Consumables,16792803.85,693158
2023-10-10,Consumables,16898478.95,697953
2023-10-11,Consumables,16493717.71,695955
2023-10-12,Consumables,14109816.47,604578
2023-10-13,Consumables,16846789.11,708333
2023-10-14,Consumables,24839851.07,1000527
2023-10-15,Consumables,16981992.09,706150
2023-10-16,Consumables,17761448.12,745625
2023-10-17,Consumables,16761748.29,700702
2023-10-18,Consumables,14387636.39,621102
2023-10-19,Consumables,16818468.36,707136
2023-10-20,Consumables,17227309.39,717313
2023-10-21,Consumables,15249589.54,643999
2023-10-22,Consumables,16551972.14,691544
2023-10-23,Consumables,18922900.1,807433
2023-10-24,Consumables,17738873.38,763116
2023-10-25,Consumables,15424665.78,683616
2023-10-26,Consumables,17507332.84,753917
2023-10-27,Consumables,18013209.35,774365
2023-10-28,Consumables,17197834,736223
2023-10-29,Consumables,19473279.36,839042
2023-10-30,Consumables,19134488.28,825974
2023-10-31,Consumables,17969204.54,781334
2023-11-01,Consumables,16901147.2,755328
2023-11-02,Consumables,18270584.16,779150
2023-11-03,Consumables,19696987.61,845890
2023-11-04,Consumables,16474673.56,714600
2023-11-05,Consumables,18898436.7,825249
2023-11-06,Consumables,18386302.98,770141
2023-11-07,Consumables,17200439.67,716057
2023-11-08,Consumables,15071672.44,645600
2023-11-09,Consumables,17506708.67,733218
2023-11-10,Consumables,17943541.79,744835
2023-11-11,Consumables,16167983.37,675731
2023-11-12,Consumables,18640479.23,767875
2023-11-13,Consumables,19220637.02,791563
2023-11-14,Consumables,17993898.05,741889
2023-11-15,Consumables,16164096.93,684536
2023-11-16,Consumables,12503204.23,486471
2022-11-16,Hard Goods,2344285.391,151071
2022-11-17,Hard Goods,2285168.223,148072
2022-11-18,Hard Goods,2509167.153,168077
2022-11-19,Hard Goods,2554787.994,171120
2022-11-20,Hard Goods,2657669.242,174671
2022-11-21,Hard Goods,2378780.024,163306
2022-11-22,Hard Goods,2031813.017,140263
2022-11-23,Hard Goods,2462598.079,191612
2022-11-24,Hard Goods,2534426.95,199878
2022-11-25,Hard Goods,5831781.165,457849
2022-11-26,Hard Goods,3852093.201,298635
2022-11-27,Hard Goods,3864321.095,301235
2022-11-28,Hard Goods,5777106.02,454234
2022-11-29,Hard Goods,3618041.432,277010
2022-11-30,Hard Goods,2439570.621,169725
2022-12-01,Hard Goods,2406654.128,167580
2022-12-02,Hard Goods,2554950.062,184352
2022-12-03,Hard Goods,2709265.152,197650
2022-12-04,Hard Goods,2957853.041,212162
2022-12-05,Hard Goods,2580763.582,188988
2022-12-06,Hard Goods,2537263.2,185702
2022-12-07,Hard Goods,2631201.945,193982
2022-12-08,Hard Goods,2543186.586,189793
2022-12-09,Hard Goods,2829937.336,212703
2022-12-10,Hard Goods,2952559.841,217573
2022-12-11,Hard Goods,3397371.168,248093
2022-12-12,Hard Goods,2979457.373,216271
2022-12-13,Hard Goods,2928360.532,214324
2022-12-14,Hard Goods,3086447.108,228825
2022-12-15,Hard Goods,2973559.9,214724
2022-12-16,Hard Goods,2920672.806,208632
2022-12-17,Hard Goods,3133233.562,221374
2022-12-18,Hard Goods,3328856.469,235030
2022-12-19,Hard Goods,2817373.872,191853
2022-12-20,Hard Goods,2386257.483,158911
2022-12-21,Hard Goods,2012813.434,130387
2022-12-22,Hard Goods,1744636.521,107451
2022-12-23,Hard Goods,1553961.511,86716
2022-12-24,Hard Goods,1229775.799,69299
2022-12-25,Hard Goods,1041209.088,57837
2022-12-26,Hard Goods,1969393.006,111397
2022-12-27,Hard Goods,1902748.901,106079
2022-12-28,Hard Goods,1871655.726,104381
2022-12-29,Hard Goods,1840519.44,103583
2022-12-30,Hard Goods,1881443.141,105351
2022-12-31,Hard Goods,1798003.477,101892
2023-01-01,Hard Goods,1802264.511,98547
2023-01-02,Hard Goods,2131761.034,116901
2023-01-03,Hard Goods,1783361.987,101889
2023-01-04,Hard Goods,1820557.314,103630
2023-01-05,Hard Goods,1788632.085,102907
2023-01-06,Hard Goods,1822054.061,104497
2023-01-07,Hard Goods,1885365.654,106684
2023-01-08,Hard Goods,2086055.115,115763
2023-01-09,Hard Goods,1876733.11,107256
2023-01-10,Hard Goods,1698211.712,94204
2023-01-11,Hard Goods,1693054.926,93585
2023-01-12,Hard Goods,1715202.969,95131
2023-01-13,Hard Goods,1741808.615,95364
2023-01-14,Hard Goods,1920776.997,102150
2023-01-15,Hard Goods,1954649.685,104296
2023-01-16,Hard Goods,1891173.942,102325
2023-01-17,Hard Goods,1604482.557,87888
2023-01-18,Hard Goods,1674691.391,92782
2023-01-19,Hard Goods,1733834.79,98219
2023-01-20,Hard Goods,1756273.003,99931
2023-01-21,Hard Goods,1825121.979,102576
2023-01-22,Hard Goods,2034553.704,115144
2023-01-23,Hard Goods,1744132.978,98405
2023-01-24,Hard Goods,1679782.095,94623
2023-01-25,Hard Goods,1751508.295,103600
2023-01-26,Hard Goods,1738440.662,101932
2023-01-27,Hard Goods,1784576.001,105058
2023-01-28,Hard Goods,1929381.473,110051
2023-01-29,Hard Goods,2156274.879,120836
2023-01-30,Hard Goods,2073974.493,122928
2023-01-31,Hard Goods,2080923.049,127437
2023-02-01,Hard Goods,2066410.669,127148
2023-02-02,Hard Goods,2021847.607,123183
2023-02-03,Hard Goods,2083475.654,129165
2023-02-04,Hard Goods,2134178.789,128490
2023-02-05,Hard Goods,2508495.239,155360
2023-02-06,Hard Goods,1866092.89,109225
2023-02-07,Hard Goods,1710327.383,100849
2023-02-08,Hard Goods,1766285.661,101643
2023-02-09,Hard Goods,1771677.795,102406
2023-02-10,Hard Goods,1702251.18,98541
2023-02-11,Hard Goods,1788839.384,98683
2023-02-12,Hard Goods,1776800.837,98460
2023-02-13,Hard Goods,1592489.867,89400
2023-02-14,Hard Goods,1477174.046,83852
2023-02-15,Hard Goods,1642899.289,93566
2023-02-16,Hard Goods,1723040.7,99404
2023-02-17,Hard Goods,1729527.603,98718
2023-02-18,Hard Goods,1809027.008,102295
2023-02-19,Hard Goods,1893600.886,106649
2023-02-20,Hard Goods,1808156.416,102505
2023-02-21,Hard Goods,1581715.796,91454
2023-02-22,Hard Goods,1774393.736,100619
2023-02-23,Hard Goods,1765584.268,100145
2023-02-24,Hard Goods,1755283.178,99542
2023-02-25,Hard Goods,1820912.921,102518
2023-02-26,Hard Goods,1947587.494,107418
2023-02-27,Hard Goods,1810384,103853
2023-02-28,Hard Goods,1840677.592,107171
2023-03-01,Hard Goods,1810769.787,105141
2023-03-02,Hard Goods,1842358.343,107837
2023-03-03,Hard Goods,1825762.954,108773
2023-03-04,Hard Goods,1924849.1,108417
2023-03-05,Hard Goods,2031923.365,112583
2023-03-06,Hard Goods,1740312.642,103377
2023-03-07,Hard Goods,1620393.01,98852
2023-03-08,Hard Goods,1738574.796,105384
2023-03-09,Hard Goods,1744421.066,106437
2023-03-10,Hard Goods,1679074.398,103959
2023-03-11,Hard Goods,1763959.897,105601
2023-03-12,Hard Goods,1886818.873,113131
2023-03-13,Hard Goods,1668504.626,94027
2023-03-14,Hard Goods,1657448.983,95931
2023-03-15,Hard Goods,1705031.703,95520
2023-03-16,Hard Goods,1681438.74,96254
2023-03-17,Hard Goods,1648817.555,91749
2023-03-18,Hard Goods,1825307.923,100339
2023-03-19,Hard Goods,2009841.942,111300
2023-03-20,Hard Goods,1956899.343,117459
2023-03-21,Hard Goods,1848254.522,113848
2023-03-22,Hard Goods,1883371.736,117044
2023-03-23,Hard Goods,1829966.236,114680
2023-03-24,Hard Goods,1780714.466,110749
2023-03-25,Hard Goods,1808016.935,110032
2023-03-26,Hard Goods,2244301.931,138810
2023-03-27,Hard Goods,1693565.88,96867
2023-03-28,Hard Goods,1536065.07,86371
2023-03-29,Hard Goods,1564212.736,90637
2023-03-30,Hard Goods,1602386.892,95533
2023-03-31,Hard Goods,1615800.169,95716
2023-04-01,Hard Goods,1662563.264,95746
2023-04-02,Hard Goods,1825922.092,103042
2023-04-03,Hard Goods,1664700.975,95822
2023-04-04,Hard Goods,1491169.397,84544
2023-04-05,Hard Goods,1466548.25,80881
2023-04-06,Hard Goods,1509162.85,83543
2023-04-07,Hard Goods,1504753.5,85387
2023-04-08,Hard Goods,1443401.75,80844
2023-04-09,Hard Goods,1449504.093,78547
2023-04-10,Hard Goods,1639223.816,91697
2023-04-11,Hard Goods,1569140.085,89715
2023-04-12,Hard Goods,1572227.464,90571
2023-04-13,Hard Goods,1585864.523,92381
2023-04-14,Hard Goods,1600708.02,92525
2023-04-15,Hard Goods,1651423.54,93746
2023-04-16,Hard Goods,1783683.065,102267
2023-04-17,Hard Goods,1587951.687,92866
2023-04-18,Hard Goods,1473434.293,87745
2023-04-19,Hard Goods,1551014.32,90787
2023-04-20,Hard Goods,1485233.951,88677
2023-04-21,Hard Goods,1524483.308,91357
2023-04-22,Hard Goods,1690708.074,96846
2023-04-23,Hard Goods,1909668.789,107766
2023-04-24,Hard Goods,1654912.619,88710
2023-04-25,Hard Goods,1578851.934,85874
2023-04-26,Hard Goods,1553016.882,85998
2023-04-27,Hard Goods,1557325.777,86178
2023-04-28,Hard Goods,1546310.001,85270
2023-04-29,Hard Goods,1585254.15,89071
2023-04-30,Hard Goods,1785810.253,99171
2023-05-01,Hard Goods,1793423.679,106854
2023-05-02,Hard Goods,1729318.917,106488
2023-05-03,Hard Goods,1735824.731,107151
2023-05-04,Hard Goods,1704754.311,104214
2023-05-05,Hard Goods,1575729.628,97347
2023-05-06,Hard Goods,1568925.692,93905
2023-05-07,Hard Goods,1898953.716,112987
2023-05-08,Hard Goods,1615798.388,92135
2023-05-09,Hard Goods,1493638.579,86954
2023-05-10,Hard Goods,1524099.657,88437
2023-05-11,Hard Goods,1513166.363,87941
2023-05-12,Hard Goods,1498392.941,86344
2023-05-13,Hard Goods,1520059.259,86687
2023-05-14,Hard Goods,1599411.488,89119
2023-05-15,Hard Goods,1621774.596,87896
2023-05-16,Hard Goods,1542579.201,83707
2023-05-17,Hard Goods,1484920.661,80662
2023-05-18,Hard Goods,1539161.779,85316
2023-05-19,Hard Goods,1449221.927,80503
2023-05-20,Hard Goods,1513852.681,81345
2023-05-21,Hard Goods,1644611.122,89664
2023-05-22,Hard Goods,1600371.928,97051
2023-05-23,Hard Goods,1509117.949,95225
2023-05-24,Hard Goods,1543997.894,94904
2023-05-25,Hard Goods,1461578.952,85690
2023-05-26,Hard Goods,1400601.99,81897
2023-05-27,Hard Goods,1428254.458,80393
2023-05-28,Hard Goods,1433827.873,81777
2023-05-29,Hard Goods,1663792.702,93652
2023-05-30,Hard Goods,1534891.113,83263
2023-05-31,Hard Goods,1620275.703,89873
2023-06-01,Hard Goods,1602827.827,89999
2023-06-02,Hard Goods,1563910.284,87164
2023-06-03,Hard Goods,1533220.36,83034
2023-06-04,Hard Goods,1730268.472,93956
2023-06-05,Hard Goods,1669512.955,96458
2023-06-06,Hard Goods,1596234.293,95232
2023-06-07,Hard Goods,1637857.102,96867
2023-06-08,Hard Goods,1645113.188,96892
2023-06-09,Hard Goods,1541434.188,93347
2023-06-10,Hard Goods,1515562.588,90271
2023-06-11,Hard Goods,1699766.316,102342
2023-06-12,Hard Goods,1570612.795,94548
2023-06-13,Hard Goods,1476046.127,90033
2023-06-14,Hard Goods,1636049.995,100589
2023-06-15,Hard Goods,1628282.722,99541
2023-06-16,Hard Goods,1588955.661,95744
2023-06-17,Hard Goods,1509426.608,90421
2023-06-18,Hard Goods,1527305.523,83860
2023-06-19,Hard Goods,1689135.183,102531
2023-06-20,Hard Goods,1672921.783,101541
2023-06-21,Hard Goods,1596160.966,98105
2023-06-22,Hard Goods,1650477.274,103247
2023-06-23,Hard Goods,1662548.521,103386
2023-06-24,Hard Goods,1656168.806,100871
2023-06-25,Hard Goods,1813103.686,108665
2023-06-26,Hard Goods,1957385.682,121107
2023-06-27,Hard Goods,1534029.084,88331
2023-06-28,Hard Goods,1532426.393,89427
2023-06-29,Hard Goods,1611229.806,96535
2023-06-30,Hard Goods,1622726.953,97755
2023-07-01,Hard Goods,1599985.749,93399
2023-07-02,Hard Goods,1622807.522,87018
2023-07-03,Hard Goods,1580711.074,91566
2023-07-04,Hard Goods,1541363.889,91189
2023-07-05,Hard Goods,1686576.857,97574
2023-07-06,Hard Goods,1622982.782,98628
2023-07-07,Hard Goods,1589506.557,97878
2023-07-08,Hard Goods,1648802.483,97085
2023-07-09,Hard Goods,1791541.766,106303
2023-07-10,Hard Goods,1623783.046,98042
2023-07-11,Hard Goods,1464111.182,90026
2023-07-12,Hard Goods,1511848.969,93037
2023-07-13,Hard Goods,1539332.186,94288
2023-07-14,Hard Goods,1558881.681,96285
2023-07-15,Hard Goods,1588526.823,94745
2023-07-16,Hard Goods,1764494.292,108150
2023-07-17,Hard Goods,1523829.402,86560
2023-07-18,Hard Goods,1507837.621,83913
2023-07-19,Hard Goods,1524681.689,85877
2023-07-20,Hard Goods,1504434.395,83816
2023-07-21,Hard Goods,1487336.468,83221
2023-07-22,Hard Goods,1632486.447,91539
2023-07-23,Hard Goods,1613032.247,88089
2023-07-24,Hard Goods,1604049.766,90150
2023-07-25,Hard Goods,1499939.012,84869
2023-07-26,Hard Goods,1533040.665,89336
2023-07-27,Hard Goods,1420059.131,81188
2023-07-28,Hard Goods,1449824.354,84458
2023-07-29,Hard Goods,1533791.107,88889
2023-07-30,Hard Goods,1655267.354,94391
2023-07-31,Hard Goods,1613522.863,93087
2023-08-01,Hard Goods,1496319.621,86631
2023-08-02,Hard Goods,1549730.17,87684
2023-08-03,Hard Goods,1526252.932,86356
2023-08-04,Hard Goods,1496625.005,86140
2023-08-05,Hard Goods,1478577.39,82812
2023-08-06,Hard Goods,1533990.439,86384
2023-08-07,Hard Goods,1538703.886,93311
2023-08-08,Hard Goods,1466951.237,88602
2023-08-09,Hard Goods,1442224.142,87922
2023-08-10,Hard Goods,1408418.389,85385
2023-08-11,Hard Goods,1412448.556,86195
2023-08-12,Hard Goods,1496248.725,89889
2023-08-13,Hard Goods,1627899.888,95520
2023-08-14,Hard Goods,1550753.346,92348
2023-08-15,Hard Goods,1507071.864,90486
2023-08-16,Hard Goods,1514854.635,91180
2023-08-17,Hard Goods,1473300.823,87605
2023-08-18,Hard Goods,1505854.99,90794
2023-08-19,Hard Goods,1514299.527,88315
2023-08-20,Hard Goods,1704949.528,98055
2023-08-21,Hard Goods,1571821.34,90524
2023-08-22,Hard Goods,1545243.168,89102
2023-08-23,Hard Goods,1531735.1,90255
2023-08-24,Hard Goods,1438801.726,84105
2023-08-25,Hard Goods,1611801.43,99331
2023-08-26,Hard Goods,1784988.875,111547
2023-08-27,Hard Goods,1916124.653,118999
2023-08-28,Hard Goods,1753011.712,107669
2023-08-29,Hard Goods,1669010.606,102390
2023-08-30,Hard Goods,1715298.774,107287
2023-08-31,Hard Goods,1824643.664,117514
2023-09-01,Hard Goods,1645860.071,100636
2023-09-02,Hard Goods,1565235.863,94238
2023-09-03,Hard Goods,1548706.584,88978
2023-09-04,Hard Goods,1712278.361,100036
2023-09-05,Hard Goods,1308022.758,77666
2023-09-06,Hard Goods,1448955.149,85742
2023-09-07,Hard Goods,1549116.747,92034
2023-09-08,Hard Goods,1524004.09,93289
2023-09-09,Hard Goods,1604236.7,95612
2023-09-10,Hard Goods,1784983.113,103344
2023-09-11,Hard Goods,1566470.317,90972
2023-09-12,Hard Goods,1487127.718,87590
2023-09-13,Hard Goods,1529286.472,89973
2023-09-14,Hard Goods,1550774.337,92669
2023-09-15,Hard Goods,1540808.48,90374
2023-09-16,Hard Goods,1571266.59,91700
2023-09-17,Hard Goods,1736334.79,100579
2023-09-18,Hard Goods,1642066.044,95697
2023-09-19,Hard Goods,1533914.402,91180
2023-09-20,Hard Goods,1549734.687,92427
2023-09-21,Hard Goods,1491887,90550
2023-09-22,Hard Goods,1436572.613,86122
2023-09-23,Hard Goods,1566841.46,91168
2023-09-24,Hard Goods,1691695.756,99299
2023-09-25,Hard Goods,1767805.022,108738
2023-09-26,Hard Goods,1656994.37,106162
2023-09-27,Hard Goods,1748963.151,108481
2023-09-28,Hard Goods,1756369.304,111469
2023-09-29,Hard Goods,1798477.729,111613
2023-09-30,Hard Goods,1772150.392,108369
2023-10-01,Hard Goods,2152137.992,135352
2023-10-02,Hard Goods,1704275.984,103109
2023-10-03,Hard Goods,1585449.822,97798
2023-10-04,Hard Goods,1545614.479,94825
2023-10-05,Hard Goods,1521411.943,94478
2023-10-06,Hard Goods,1633706.643,100375
2023-10-07,Hard Goods,1663808.184,98162
2023-10-08,Hard Goods,1692343.679,99524
2023-10-09,Hard Goods,1655682.528,98737
2023-10-10,Hard Goods,1496172.169,90922
2023-10-11,Hard Goods,1481768.858,92724
2023-10-12,Hard Goods,1426008.997,88470
2023-10-13,Hard Goods,1581220.55,98481
2023-10-14,Hard Goods,1826547.736,113171
2023-10-15,Hard Goods,1866087.21,114361
2023-10-16,Hard Goods,1598606.198,98006
2023-10-17,Hard Goods,1538066.23,94738
2023-10-18,Hard Goods,1584501.073,96185
2023-10-19,Hard Goods,1625593.628,97849
2023-10-20,Hard Goods,1629056.33,96549
2023-10-21,Hard Goods,1613915.935,95539
2023-10-22,Hard Goods,1718371.343,101361
2023-10-23,Hard Goods,1688065.014,108076
2023-10-24,Hard Goods,1742193.68,109135
2023-10-25,Hard Goods,1709392.162,106607
2023-10-26,Hard Goods,1669044.611,102490
2023-10-27,Hard Goods,1676014.149,104683
2023-10-28,Hard Goods,1734588.945,104905
2023-10-29,Hard Goods,2064737.681,126791
2023-10-30,Hard Goods,1924195.938,117003
2023-10-31,Hard Goods,1734876.553,106622
2023-11-01,Hard Goods,1881695.869,116387
2023-11-02,Hard Goods,1861344.463,115927
2023-11-03,Hard Goods,2014523.181,127470
2023-11-04,Hard Goods,1954521.523,121914
2023-11-05,Hard Goods,2408021.834,154061
2023-11-06,Hard Goods,1914680.633,115868
2023-11-07,Hard Goods,1742383.5,108750
2023-11-08,Hard Goods,1780672.344,109355
2023-11-09,Hard Goods,1841837.522,112270
2023-11-10,Hard Goods,1884632.46,114709
2023-11-11,Hard Goods,1918885.543,115632
2023-11-12,Hard Goods,2167690.517,129699
2023-11-13,Hard Goods,1957124.244,118255
2023-11-14,Hard Goods,1882171.842,114401
2023-11-15,Hard Goods,1909775.054,117327
2023-11-16,Hard Goods,791007.74,50259
2022-11-16,Healthcare,8239442.632,910482
2022-11-17,Healthcare,7894725.064,864054
2022-11-18,Healthcare,10127228.88,1129360
2022-11-19,Healthcare,7917004.466,865352
2022-11-20,Healthcare,7079133.25,770961
2022-11-21,Healthcare,8029528.59,920977
2022-11-22,Healthcare,7108917.186,828637
2022-11-23,Healthcare,7365911.951,810970
2022-11-24,Healthcare,5030515.572,493415
2022-11-25,Healthcare,8580166.001,871613
2022-11-26,Healthcare,8406601.89,888077
2022-11-27,Healthcare,7952754.894,856241
2022-11-28,Healthcare,11449215.61,1191949
2022-11-29,Healthcare,9851199.252,1058890
2022-11-30,Healthcare,7947310.262,869488
2022-12-01,Healthcare,7451028.021,775163
2022-12-02,Healthcare,7747236.283,845586
2022-12-03,Healthcare,7786183.577,863296
2022-12-04,Healthcare,7126814.418,764031
2022-12-05,Healthcare,8248073.784,928730
2022-12-06,Healthcare,7868950.927,890561
2022-12-07,Healthcare,7759666.707,837454
2022-12-08,Healthcare,6815214.323,746384
2022-12-09,Healthcare,7449124.163,839264
2022-12-10,Healthcare,7620080.653,829174
2022-12-11,Healthcare,7144414.132,778340
2022-12-12,Healthcare,8421662.518,965490
2022-12-13,Healthcare,8324902.953,948756
2022-12-14,Healthcare,8102843.95,889807
2022-12-15,Healthcare,7020162.486,737407
2022-12-16,Healthcare,7433808.484,828654
2022-12-17,Healthcare,7761935.239,841633
2022-12-18,Healthcare,7302896.504,782156
2022-12-19,Healthcare,8047857.788,907437
2022-12-20,Healthcare,7501528.549,848035
2022-12-21,Healthcare,6854392.288,762390
2022-12-22,Healthcare,5769660.642,636118
2022-12-23,Healthcare,6007082.929,711359
2022-12-24,Healthcare,5907749.249,692412
2022-12-25,Healthcare,1785230.626,176070
2022-12-26,Healthcare,7594523.863,875548
2022-12-27,Healthcare,8123777.432,940369
2022-12-28,Healthcare,8096574.02,927634
2022-12-29,Healthcare,7885201.736,883724
2022-12-30,Healthcare,7302244.383,780243
2022-12-31,Healthcare,7223491.282,788369
2023-01-01,Healthcare,7964279.551,826033
2023-01-02,Healthcare,9164663.614,958194
2023-01-03,Healthcare,8790400.135,940340
2023-01-04,Healthcare,8491941.665,934273
2023-01-05,Healthcare,8374799.333,899274
2023-01-06,Healthcare,7582551.918,767482
2023-01-07,Healthcare,7405257.253,776003
2023-01-08,Healthcare,8332811.882,909576
2023-01-09,Healthcare,8717217.507,987585
2023-01-10,Healthcare,8270423.396,937802
2023-01-11,Healthcare,8019419.395,897695
2023-01-12,Healthcare,8005968.827,864690
2023-01-13,Healthcare,7172994.618,758149
2023-01-14,Healthcare,7454910.233,790621
2023-01-15,Healthcare,8039960.588,846583
2023-01-16,Healthcare,8484605.54,920280
2023-01-17,Healthcare,7976029.222,881680
2023-01-18,Healthcare,7855034.506,862694
2023-01-19,Healthcare,8034846.131,869852
2023-01-20,Healthcare,7069619.792,741140
2023-01-21,Healthcare,6960328.586,754060
2023-01-22,Healthcare,8141941.878,866836
2023-01-23,Healthcare,8333037.38,950225
2023-01-24,Healthcare,7905633.688,893342
2023-01-25,Healthcare,7901841.334,870559
2023-01-26,Healthcare,7639035.436,837096
2023-01-27,Healthcare,6967708.966,726541
2023-01-28,Healthcare,7183209.064,760654
2023-01-29,Healthcare,7994646.811,839921
2023-01-30,Healthcare,9713982.97,1017934
2023-01-31,Healthcare,9791768.492,1030283
2023-02-01,Healthcare,8951418.46,932979
2023-02-02,Healthcare,8545829.306,889608
2023-02-03,Healthcare,7555560.381,771139
2023-02-04,Healthcare,7430272.863,780509
2023-02-05,Healthcare,8892919.153,922107
2023-02-06,Healthcare,8622442.101,953024
2023-02-07,Healthcare,8213650.01,899966
2023-02-08,Healthcare,8223445.801,883468
2023-02-09,Healthcare,8363125.504,886095
2023-02-10,Healthcare,7349886.194,732786
2023-02-11,Healthcare,7382030.913,755314
2023-02-12,Healthcare,7868683.756,812354
2023-02-13,Healthcare,8559808.802,933267
2023-02-14,Healthcare,8311141.311,920854
2023-02-15,Healthcare,8482316.362,932662
2023-02-16,Healthcare,8565294.383,905986
2023-02-17,Healthcare,7428876.017,760588
2023-02-18,Healthcare,7359856.312,772062
2023-02-19,Healthcare,8389868.107,880265
2023-02-20,Healthcare,8827719.133,967323
2023-02-21,Healthcare,8381750.836,923090
2023-02-22,Healthcare,8481180.385,926395
2023-02-23,Healthcare,8505842.685,875473
2023-02-24,Healthcare,7545822.025,759988
2023-02-25,Healthcare,7694804.394,783124
2023-02-26,Healthcare,8837444.775,900612
2023-02-27,Healthcare,10801373.16,1106217
2023-02-28,Healthcare,10448999.61,1049753
2023-03-01,Healthcare,9420611.265,924781
2023-03-02,Healthcare,9437819.886,928879
2023-03-03,Healthcare,8237113.893,784717
2023-03-04,Healthcare,8231528.538,805099
2023-03-05,Healthcare,9233174.957,904882
2023-03-06,Healthcare,9634987.152,984579
2023-03-07,Healthcare,9216969.446,943164
2023-03-08,Healthcare,9018906.417,938573
2023-03-09,Healthcare,8969007.032,916366
2023-03-10,Healthcare,7756209.495,771936
2023-03-11,Healthcare,7771850.178,794661
2023-03-12,Healthcare,8689487.549,881685
2023-03-13,Healthcare,9003471.239,939895
2023-03-14,Healthcare,9235031.552,961459
2023-03-15,Healthcare,8815713.178,919706
2023-03-16,Healthcare,8801067.545,902604
2023-03-17,Healthcare,7663967.4,751032
2023-03-18,Healthcare,8049113.123,782079
2023-03-19,Healthcare,9328386.33,924617
2023-03-20,Healthcare,9777490.934,1023792
2023-03-21,Healthcare,9351323.111,979900
2023-03-22,Healthcare,9287371.763,955550
2023-03-23,Healthcare,9163692.363,918813
2023-03-24,Healthcare,8095927.03,788880
2023-03-25,Healthcare,8110218.189,805800
2023-03-26,Healthcare,9861677.996,940765
2023-03-27,Healthcare,9686037.092,998486
2023-03-28,Healthcare,9140784.849,937841
2023-03-29,Healthcare,9051957.559,969967
2023-03-30,Healthcare,9839745.886,972900
2023-03-31,Healthcare,9237672.268,867597
2023-04-01,Healthcare,8843842.41,812001
2023-04-02,Healthcare,9905445.282,949184
2023-04-03,Healthcare,10085626.86,1002293
2023-04-04,Healthcare,9287949.69,932958
2023-04-05,Healthcare,9007005.184,902692
2023-04-06,Healthcare,9132684.491,876286
2023-04-07,Healthcare,8058062.159,767029
2023-04-08,Healthcare,7632713.3,771334
2023-04-09,Healthcare,8390421.264,831017
2023-04-10,Healthcare,9901918.268,1002032
2023-04-11,Healthcare,9472011.37,958022
2023-04-12,Healthcare,9254306.469,919752
2023-04-13,Healthcare,9649824.004,922037
2023-04-14,Healthcare,8880537.862,811215
2023-04-15,Healthcare,8560578.41,817534
2023-04-16,Healthcare,9711305.462,925144
2023-04-17,Healthcare,9942103.089,1026365
2023-04-18,Healthcare,9276069.02,945957
2023-04-19,Healthcare,9413724.845,979310
2023-04-20,Healthcare,9111828.148,897797
2023-04-21,Healthcare,8215017.646,793138
2023-04-22,Healthcare,8193493.001,801752
2023-04-23,Healthcare,9556202.533,946337
2023-04-24,Healthcare,10058421.41,1067547
2023-04-25,Healthcare,9952200.886,1074018
2023-04-26,Healthcare,9539807.931,1012320
2023-04-27,Healthcare,9865338.441,998868
2023-04-28,Healthcare,8353359.053,838906
2023-04-29,Healthcare,9331867.701,911429
2023-04-30,Healthcare,10907258.59,1076073
2023-05-01,Healthcare,10798933.85,1040488
2023-05-02,Healthcare,9851508.533,967711
2023-05-03,Healthcare,9682632.39,952648
2023-05-04,Healthcare,9632294.034,932770
2023-05-05,Healthcare,8050694.551,765360
2023-05-06,Healthcare,7961096.605,780828
2023-05-07,Healthcare,9418877.044,906234
2023-05-08,Healthcare,9825453.499,1018402
2023-05-09,Healthcare,9547450.043,962110
2023-05-10,Healthcare,9325360.861,946969
2023-05-11,Healthcare,9173944.647,927429
2023-05-12,Healthcare,7701686.983,770405
2023-05-13,Healthcare,8093965.898,825832
2023-05-14,Healthcare,9179869.894,918893
2023-05-15,Healthcare,10010155.11,1068464
2023-05-16,Healthcare,9443175.602,988950
2023-05-17,Healthcare,9187439.995,978658
2023-05-18,Healthcare,9152974.906,930615
2023-05-19,Healthcare,7918832.879,797887
2023-05-20,Healthcare,7971920.576,809930
2023-05-21,Healthcare,9124912.969,925561
2023-05-22,Healthcare,9871923.478,1067582
2023-05-23,Healthcare,9128735.358,971143
2023-05-24,Healthcare,9390347.876,991962
2023-05-25,Healthcare,9039656.907,932024
2023-05-26,Healthcare,7632657.455,773262
2023-05-27,Healthcare,7787608.831,799310
2023-05-28,Healthcare,8102543.967,840902
2023-05-29,Healthcare,8329627.077,838317
2023-05-30,Healthcare,10749553.57,1116034
2023-05-31,Healthcare,11663567.86,1164210
2023-06-01,Healthcare,10415799.38,995721
2023-06-02,Healthcare,8632356.058,811520
2023-06-03,Healthcare,8292894.722,847074
2023-06-04,Healthcare,9548978.462,933739
2023-06-05,Healthcare,10034758.97,1040717
2023-06-06,Healthcare,9417853.146,968648
2023-06-07,Healthcare,9352606.254,979987
2023-06-08,Healthcare,9124217.681,916836
2023-06-09,Healthcare,7785869.518,783151
2023-06-10,Healthcare,7786895.484,810529
2023-06-11,Healthcare,9221470.33,957131
2023-06-12,Healthcare,9488555.455,1042374
2023-06-13,Healthcare,9116925.955,967257
2023-06-14,Healthcare,9819022.358,1043992
2023-06-15,Healthcare,9332365.829,949698
2023-06-16,Healthcare,7869976.29,806685
2023-06-17,Healthcare,7751638.701,794677
2023-06-18,Healthcare,8728226.731,909063
2023-06-19,Healthcare,10077716.9,1058225
2023-06-20,Healthcare,9422378.114,1018210
2023-06-21,Healthcare,9174971.029,1010964
2023-06-22,Healthcare,9308480.979,961761
2023-06-23,Healthcare,8149263.887,837419
2023-06-24,Healthcare,8125032.061,839599
2023-06-25,Healthcare,8992697.19,912285
2023-06-26,Healthcare,10300222.52,1099316
2023-06-27,Healthcare,9321577.189,1011334
2023-06-28,Healthcare,9520531.692,1001054
2023-06-29,Healthcare,10452713.48,1032055
2023-06-30,Healthcare,9130900.224,925130
2023-07-01,Healthcare,8352004.448,834502
2023-07-02,Healthcare,8647196.587,876182
2023-07-03,Healthcare,8882477.515,941203
2023-07-04,Healthcare,7964080.241,793969
2023-07-05,Healthcare,9925328.493,1026732
2023-07-06,Healthcare,9604728.655,981640
2023-07-07,Healthcare,8173757.339,840170
2023-07-08,Healthcare,8123553.006,835160
2023-07-09,Healthcare,9384381.397,981223
2023-07-10,Healthcare,9611324.428,1037022
2023-07-11,Healthcare,9082685.079,1000128
2023-07-12,Healthcare,9191500.55,978899
2023-07-13,Healthcare,9234139.391,942531
2023-07-14,Healthcare,8021466.417,823910
2023-07-15,Healthcare,7972808.21,829242
2023-07-16,Healthcare,9117513.038,940097
2023-07-17,Healthcare,9587411.367,1045225
2023-07-18,Healthcare,8950884.459,962927
2023-07-19,Healthcare,9332512.627,1003537
2023-07-20,Healthcare,8846361.853,936540
2023-07-21,Healthcare,7733258.45,792383
2023-07-22,Healthcare,12337249.65,1352075
2023-07-23,Healthcare,8385155.767,880449
2023-07-24,Healthcare,9709486.559,1050561
2023-07-25,Healthcare,9379927.44,1015640
2023-07-26,Healthcare,9131750.576,978312
2023-07-27,Healthcare,7505769.602,825808
2023-07-28,Healthcare,8671406.899,961804
2023-07-29,Healthcare,9214011.048,958414
2023-07-30,Healthcare,9589352.121,961711
2023-07-31,Healthcare,9822625.788,1053207
2023-08-01,Healthcare,9883082.957,1022043
2023-08-02,Healthcare,9416036.604,980175
2023-08-03,Healthcare,8173778.742,844999
2023-08-04,Healthcare,9033028.284,975924
2023-08-05,Healthcare,8688046.87,917133
2023-08-06,Healthcare,8227330.767,875106
2023-08-07,Healthcare,9651139.751,1058481
2023-08-08,Healthcare,9271378.38,1029206
2023-08-09,Healthcare,8809700.479,946879
2023-08-10,Healthcare,7772281.959,835236
2023-08-11,Healthcare,8740760.472,969781
2023-08-12,Healthcare,8583823.939,936000
2023-08-13,Healthcare,8552839.178,922246
2023-08-14,Healthcare,9504334.891,1074727
2023-08-15,Healthcare,9398072.906,1046705
2023-08-16,Healthcare,9024785.325,944941
2023-08-17,Healthcare,7666402.893,818894
2023-08-18,Healthcare,8852430.546,981962
2023-08-19,Healthcare,8464967.313,918308
2023-08-20,Healthcare,8135024.912,861404
2023-08-21,Healthcare,9374615.549,1068788
2023-08-22,Healthcare,9277202.738,1057288
2023-08-23,Healthcare,8921097.699,977334
2023-08-24,Healthcare,7428858.468,808350
2023-08-25,Healthcare,9220166.592,989781
2023-08-26,Healthcare,8724156.091,945129
2023-08-27,Healthcare,8169774.666,888998
2023-08-28,Healthcare,9301194.583,1056041
2023-08-29,Healthcare,10377899.9,1128566
2023-08-30,Healthcare,10436423.66,1093383
2023-08-31,Healthcare,8699413.581,918257
2023-09-01,Healthcare,9592100.798,1024066
2023-09-02,Healthcare,8534165.085,908265
2023-09-03,Healthcare,7980390.399,854537
2023-09-04,Healthcare,8791658.624,923036
2023-09-05,Healthcare,5651428.675,609076
2023-09-06,Healthcare,9308110.777,1053325
2023-09-07,Healthcare,9264559.96,1000362
2023-09-08,Healthcare,7851786.676,825721
2023-09-09,Healthcare,8091760.149,879090
2023-09-10,Healthcare,9003721.458,975156
2023-09-11,Healthcare,9583379.811,1112014
2023-09-12,Healthcare,9407932.218,1133094
2023-09-13,Healthcare,9555277.011,1074629
2023-09-14,Healthcare,9634825.707,1075143
2023-09-15,Healthcare,8056220.754,889603
2023-09-16,Healthcare,8193431.657,904943
2023-09-17,Healthcare,9047265.853,996024
2023-09-18,Healthcare,9397758.196,1069484
2023-09-19,Healthcare,9078561.604,1031048
2023-09-20,Healthcare,9227981.696,1027581
2023-09-21,Healthcare,8850768.899,937446
2023-09-22,Healthcare,7337824.218,791270
2023-09-23,Healthcare,7868328.947,852509
2023-09-24,Healthcare,8891986.553,958396
2023-09-25,Healthcare,9515239.996,1086753
2023-09-26,Healthcare,9063316.302,1027352
2023-09-27,Healthcare,9351140.432,1063374
2023-09-28,Healthcare,9484968.951,1009746
2023-09-29,Healthcare,9183380.995,914201
2023-09-30,Healthcare,9068502.968,946466
2023-10-01,Healthcare,10337690.2,1054064
2023-10-02,Healthcare,10043069.9,1094737
2023-10-03,Healthcare,9368345.107,1034751
2023-10-04,Healthcare,9203294.47,1025802
2023-10-05,Healthcare,9033876.643,965521
2023-10-06,Healthcare,11483693.99,1305719
2023-10-07,Healthcare,8830518.692,979063
2023-10-08,Healthcare,8212722.679,898704
2023-10-09,Healthcare,9490527.336,1072312
2023-10-10,Healthcare,9209767.261,1059025
2023-10-11,Healthcare,8914773.29,988482
2023-10-12,Healthcare,7764061.778,857660
2023-10-13,Healthcare,7477361.547,580897
2023-10-14,Healthcare,14258549.17,1884868
2023-10-15,Healthcare,8655361.601,910225
2023-10-16,Healthcare,9669914.547,1132468
2023-10-17,Healthcare,9207280.823,1028751
2023-10-18,Healthcare,7840002.067,863286
2023-10-19,Healthcare,8925678.139,1023139
2023-10-20,Healthcare,9521305.592,1078217
2023-10-21,Healthcare,8060498.581,900464
2023-10-22,Healthcare,8436821.396,934424
2023-10-23,Healthcare,10061290.71,1172484
2023-10-24,Healthcare,9485704.169,1030890
2023-10-25,Healthcare,8074285.375,898448
2023-10-26,Healthcare,9129202.344,1014181
2023-10-27,Healthcare,9358827.439,1076327
2023-10-28,Healthcare,9112060.476,978220
2023-10-29,Healthcare,10281134.98,1066140
2023-10-30,Healthcare,10239394.59,1158437
2023-10-31,Healthcare,9354205.591,1008852
2023-11-01,Healthcare,9192656.392,943638
2023-11-02,Healthcare,9681808.86,1084983
2023-11-03,Healthcare,10332473.34,1165330
2023-11-04,Healthcare,8426514.318,902887
2023-11-05,Healthcare,9385669.684,980274
2023-11-06,Healthcare,10347695.04,1186226
2023-11-07,Healthcare,9565193.718,1041651
2023-11-08,Healthcare,8295832.917,903861
2023-11-09,Healthcare,9338830.491,1058549
2023-11-10,Healthcare,9728312.967,1093450
2023-11-11,Healthcare,8392504.287,921802
2023-11-12,Healthcare,9882562.976,1059916
2023-11-13,Healthcare,10641415.35,1231344
2023-11-14,Healthcare,9972580.915,1099798
2023-11-15,Healthcare,9035652.836,977801
2023-11-16,Healthcare,6698284.3,793610
2022-11-16,Premium,1566399.518,42792
2022-11-17,Premium,1509537.646,41018
2022-11-18,Premium,2004932.695,53964
2022-11-19,Premium,1595334.458,42983
2022-11-20,Premium,1488982.883,40555
2022-11-21,Premium,1500982.842,40130
2022-11-22,Premium,1335190.658,36141
2022-11-23,Premium,1486612.644,42860
2022-11-24,Premium,1227983.162,35870
2022-11-25,Premium,2128343.285,66809
2022-11-26,Premium,1918312.105,58660
2022-11-27,Premium,1779399.893,53989
2022-11-28,Premium,2196179.437,67256
2022-11-29,Premium,1836949.11,54770
2022-11-30,Premium,1473622.425,42373
2022-12-01,Premium,1381999.811,39058
2022-12-02,Premium,1449277.205,40456
2022-12-03,Premium,1500329.513,41252
2022-12-04,Premium,1466562.765,40684
2022-12-05,Premium,1505076.675,40984
2022-12-06,Premium,1482994.675,40009
2022-12-07,Premium,1502047.777,40832
2022-12-08,Premium,1356692.711,37119
2022-12-09,Premium,1470294.908,39748
2022-12-10,Premium,1527966.37,41225
2022-12-11,Premium,1519886.472,41327
2022-12-12,Premium,1582266.609,42582
2022-12-13,Premium,1568800.033,42196
2022-12-14,Premium,1603072.237,42602
2022-12-15,Premium,1447648.693,39565
2022-12-16,Premium,1456552.966,39260
2022-12-17,Premium,1578146.393,42285
2022-12-18,Premium,1526937.472,40839
2022-12-19,Premium,1510605.439,40546
2022-12-20,Premium,1466135.074,39154
2022-12-21,Premium,1377563.427,36768
2022-12-22,Premium,1164261.105,31162
2022-12-23,Premium,1213824.692,32578
2022-12-24,Premium,1243448.623,32946
2022-12-25,Premium,449990.3086,12724
2022-12-26,Premium,1607285.647,42893
2022-12-27,Premium,1584802.711,42830
2022-12-28,Premium,1554783.822,41557
2022-12-29,Premium,1554570.778,41545
2022-12-30,Premium,1433757.014,38616
2022-12-31,Premium,1439296.824,38600
2023-01-01,Premium,1553518.725,41256
2023-01-02,Premium,1719791.885,46168
2023-01-03,Premium,1610256.363,43440
2023-01-04,Premium,1576827.222,42627
2023-01-05,Premium,1573005.709,42201
2023-01-06,Premium,1450563.192,39498
2023-01-07,Premium,1474578.765,39547
2023-01-08,Premium,1722492.002,45919
2023-01-09,Premium,1627692.556,43408
2023-01-10,Premium,1564590.56,41125
2023-01-11,Premium,1532304.083,40601
2023-01-12,Premium,1564891.573,41380
2023-01-13,Premium,1423235.268,37899
2023-01-14,Premium,1529121.05,40272
2023-01-15,Premium,1658202.139,43138
2023-01-16,Premium,1626434.034,42937
2023-01-17,Premium,1485916.416,39113
2023-01-18,Premium,1520509.991,40068
2023-01-19,Premium,1557908.286,41306
2023-01-20,Premium,1407459.531,37674
2023-01-21,Premium,1473407.777,39021
2023-01-22,Premium,1720400.081,45224
2023-01-23,Premium,1610549.384,42177
2023-01-24,Premium,1580652.623,41572
2023-01-25,Premium,1579788.129,42059
2023-01-26,Premium,1548833.258,40999
2023-01-27,Premium,1403684.21,37411
2023-01-28,Premium,1495669.25,39657
2023-01-29,Premium,1708374.695,44778
2023-01-30,Premium,2002375.711,56352
2023-01-31,Premium,1941812.777,54828
2023-02-01,Premium,1770546.296,50747
2023-02-02,Premium,1729186.611,49090
2023-02-03,Premium,1606272.49,46343
2023-02-04,Premium,1624939.701,45778
2023-02-05,Premium,2056058.328,59185
2023-02-06,Premium,1653039.727,43722
2023-02-07,Premium,1533910.845,40503
2023-02-08,Premium,1537837.513,40775
2023-02-09,Premium,1589296.362,41616
2023-02-10,Premium,1370192.228,36529
2023-02-11,Premium,1481475.497,38964
2023-02-12,Premium,1621610.8,42077
2023-02-13,Premium,1575317.587,41627
2023-02-14,Premium,1542045.175,41173
2023-02-15,Premium,1584157.408,43390
2023-02-16,Premium,1608079.109,43020
2023-02-17,Premium,1437667.242,38391
2023-02-18,Premium,1513991.512,40031
2023-02-19,Premium,1691880.443,44557
2023-02-20,Premium,1676628.415,43535
2023-02-21,Premium,1558602.262,40841
2023-02-22,Premium,1614174.718,42903
2023-02-23,Premium,1558452.343,40971
2023-02-24,Premium,1444425.572,38533
2023-02-25,Premium,1546961.218,40686
2023-02-26,Premium,1741690.228,45487
2023-02-27,Premium,1853560.493,48870
2023-02-28,Premium,1818873.176,48138
2023-03-01,Premium,1670950.834,44860
2023-03-02,Premium,1738215.196,46860
2023-03-03,Premium,1526043.326,41906
2023-03-04,Premium,1547337.947,41853
2023-03-05,Premium,1782004.474,47260
2023-03-06,Premium,1663493.6,43916
2023-03-07,Premium,1583629.757,41901
2023-03-08,Premium,1605527.889,42285
2023-03-09,Premium,1624255.014,43208
2023-03-10,Premium,1453524.019,38951
2023-03-11,Premium,1516061.01,40628
2023-03-12,Premium,1716031.861,45372
2023-03-13,Premium,1658635.257,44054
2023-03-14,Premium,1655921.257,43818
2023-03-15,Premium,1641911.713,43636
2023-03-16,Premium,1623002.765,43064
2023-03-17,Premium,1415094.933,37781
2023-03-18,Premium,1553132.534,41233
2023-03-19,Premium,1839029.326,48413
2023-03-20,Premium,1933519.763,53866
2023-03-21,Premium,1773498.513,49669
2023-03-22,Premium,1784853.435,50318
2023-03-23,Premium,1716356.572,47903
2023-03-24,Premium,1534120.564,43305
2023-03-25,Premium,1603350.022,44838
2023-03-26,Premium,2042201.595,57808
2023-03-27,Premium,1686338.156,44176
2023-03-28,Premium,1552900.53,40393
2023-03-29,Premium,1570815.441,41050
2023-03-30,Premium,1676513.39,43487
2023-03-31,Premium,1576753.985,41322
2023-04-01,Premium,1513352.92,39510
2023-04-02,Premium,1757100.12,45332
2023-04-03,Premium,1664877.77,42932
2023-04-04,Premium,1568781.729,40440
2023-04-05,Premium,1527962.507,39610
2023-04-06,Premium,1578467.299,40343
2023-04-07,Premium,1429647.807,37427
2023-04-08,Premium,1448651.931,37351
2023-04-09,Premium,1623134.042,41148
2023-04-10,Premium,1670522.013,43518
2023-04-11,Premium,1570868.681,40167
2023-04-12,Premium,1540112.578,40103
2023-04-13,Premium,1583758.685,41392
2023-04-14,Premium,1460126.144,38275
2023-04-15,Premium,1522884.981,39754
2023-04-16,Premium,1754973.261,45104
2023-04-17,Premium,1663041.998,42874
2023-04-18,Premium,1584716.89,41233
2023-04-19,Premium,1612975.157,41938
2023-04-20,Premium,1586456.536,41152
2023-04-21,Premium,1459496.902,38809
2023-04-22,Premium,1547519.095,40289
2023-04-23,Premium,1799906.524,46838
2023-04-24,Premium,1716718.302,45031
2023-04-25,Premium,1610629.129,42188
2023-04-26,Premium,1605156.479,42136
2023-04-27,Premium,1682312.982,44679
2023-04-28,Premium,1446026.785,38622
2023-04-29,Premium,1660158.861,43631
2023-04-30,Premium,1916510.859,50230
2023-05-01,Premium,1917540.161,52897
2023-05-02,Premium,1806181.599,53811
2023-05-03,Premium,1740321.274,51731
2023-05-04,Premium,1734259.3,49621
2023-05-05,Premium,1472015.14,42384
2023-05-06,Premium,1581313.323,43683
2023-05-07,Premium,1903898.952,53730
2023-05-08,Premium,1641311.42,43472
2023-05-09,Premium,1535387.703,40155
2023-05-10,Premium,1549248.593,40581
2023-05-11,Premium,1560552.19,40917
2023-05-12,Premium,1334732.659,34929
2023-05-13,Premium,1493476.959,39237
2023-05-14,Premium,1715935.838,43901
2023-05-15,Premium,1685533.122,46612
2023-05-16,Premium,1582103.529,43626
2023-05-17,Premium,1553732.372,42176
2023-05-18,Premium,1630116.992,42842
2023-05-19,Premium,1377609.426,36465
2023-05-20,Premium,1526527.246,40116
2023-05-21,Premium,1789416.69,45907
2023-05-22,Premium,1693389.344,44032
2023-05-23,Premium,1596219.563,41507
2023-05-24,Premium,1676130.523,43633
2023-05-25,Premium,1603478.424,42045
2023-05-26,Premium,1363129.293,35883
2023-05-27,Premium,1482382.189,38517
2023-05-28,Premium,1596332.416,40849
2023-05-29,Premium,1692590.495,43282
2023-05-30,Premium,1790093.109,46294
2023-05-31,Premium,1895456.217,49428
2023-06-01,Premium,1705185.28,44818
2023-06-02,Premium,1443116.837,38286
2023-06-03,Premium,1549849.482,40511
2023-06-04,Premium,1825573.371,47180
2023-06-05,Premium,1700221.066,44662
2023-06-06,Premium,1604419.979,41750
2023-06-07,Premium,1624170.87,42389
2023-06-08,Premium,1601499.65,41844
2023-06-09,Premium,1394966.345,36809
2023-06-10,Premium,1524167.353,39952
2023-06-11,Premium,1845724.397,47270
2023-06-12,Premium,1682575.682,43117
2023-06-13,Premium,1578116.865,40717
2023-06-14,Premium,1718113.911,44403
2023-06-15,Premium,1662252.873,43160
2023-06-16,Premium,1450904.319,37847
2023-06-17,Premium,1521913.468,39258
2023-06-18,Premium,1717960.603,43851
2023-06-19,Premium,1769210.188,45751
2023-06-20,Premium,1887884.584,52312
2023-06-21,Premium,1815530.773,50156
2023-06-22,Premium,1796408.237,50645
2023-06-23,Premium,1610647.036,45326
2023-06-24,Premium,1687626.377,46367
2023-06-25,Premium,1872039.458,50091
2023-06-26,Premium,2013024.008,55495
2023-06-27,Premium,1639754.834,43016
2023-06-28,Premium,1660094.149,42998
2023-06-29,Premium,1717218.917,44253
2023-06-30,Premium,1521518.755,39828
2023-07-01,Premium,1508959.749,39185
2023-07-02,Premium,1629716.317,41896
2023-07-03,Premium,1526523.933,39752
2023-07-04,Premium,1520714.164,39248
2023-07-05,Premium,1711332.143,44545
2023-07-06,Premium,1656079.138,43911
2023-07-07,Premium,1440973.504,38786
2023-07-08,Premium,1549350.019,41494
2023-07-09,Premium,1843341.815,48564
2023-07-10,Premium,1686484.186,44219
2023-07-11,Premium,1580405.226,43331
2023-07-12,Premium,1594997.717,44464
2023-07-13,Premium,1635634.829,45440
2023-07-14,Premium,1403917.525,39046
2023-07-15,Premium,1511244.907,41204
2023-07-16,Premium,1787732.16,47658
2023-07-17,Premium,1691291.182,45015
2023-07-18,Premium,1563188.686,41524
2023-07-19,Premium,1644612.375,43980
2023-07-20,Premium,1587041.008,42596
2023-07-21,Premium,1401279.185,37939
2023-07-22,Premium,2405252.031,61682
2023-07-23,Premium,1675693.962,44197
2023-07-24,Premium,1681463.946,44018
2023-07-25,Premium,1645130.515,43721
2023-07-26,Premium,1625537.464,43387
2023-07-27,Premium,1389034.177,37412
2023-07-28,Premium,1622088.736,43217
2023-07-29,Premium,1714664.159,44829
2023-07-30,Premium,1826528.68,48053
2023-07-31,Premium,1733132.208,46039
2023-08-01,Premium,1668028.773,44169
2023-08-02,Premium,1659589.258,43870
2023-08-03,Premium,1451137.17,39214
2023-08-04,Premium,1648329.758,44217
2023-08-05,Premium,1661655.122,43735
2023-08-06,Premium,1628190.54,42744
2023-08-07,Premium,1693629.513,44476
2023-08-08,Premium,1669841.173,43437
2023-08-09,Premium,1616512.3,42642
2023-08-10,Premium,1434056.57,38383
2023-08-11,Premium,1642052.546,43405
2023-08-12,Premium,1694914.186,43951
2023-08-13,Premium,1719220.529,44851
2023-08-14,Premium,1709288.897,44792
2023-08-15,Premium,1712715.891,45252
2023-08-16,Premium,1674962.324,44603
2023-08-17,Premium,1450711.36,38440
2023-08-18,Premium,1677281.808,44072
2023-08-19,Premium,1632020.642,42220
2023-08-20,Premium,1660396.01,43199
2023-08-21,Premium,1674925.794,43850
2023-08-22,Premium,1694644.288,44338
2023-08-23,Premium,1635554.81,42992
2023-08-24,Premium,1396857.95,37605
2023-08-25,Premium,1865047.717,52493
2023-08-26,Premium,1989058.933,56563
2023-08-27,Premium,1933678.391,55702
2023-08-28,Premium,1885943.398,53804
2023-08-29,Premium,1887747.123,52643
2023-08-30,Premium,1901243.809,53351
2023-08-31,Premium,1798898.577,53017
2023-09-01,Premium,1732110.172,46203
2023-09-02,Premium,1590138.85,41554
2023-09-03,Premium,1522479.283,39852
2023-09-04,Premium,1657775.724,43573
2023-09-05,Premium,901470.7861,24626
2023-09-06,Premium,1619504.627,42157
2023-09-07,Premium,1632314.6,43207
2023-09-08,Premium,1396890.282,37607
2023-09-09,Premium,1568325.868,41465
2023-09-10,Premium,1818350.266,47448
2023-09-11,Premium,1675212.924,43735
2023-09-12,Premium,1598475.47,41829
2023-09-13,Premium,1659440.456,43375
2023-09-14,Premium,1686345.446,44071
2023-09-15,Premium,1437901.11,39183
2023-09-16,Premium,1596910.55,41993
2023-09-17,Premium,1791444.746,46910
2023-09-18,Premium,1721473.754,45460
2023-09-19,Premium,1634412.62,42863
2023-09-20,Premium,1708276.595,44473
2023-09-21,Premium,1650407.44,43599
2023-09-22,Premium,1390161.146,37002
2023-09-23,Premium,1592318.021,41918
2023-09-24,Premium,1806723.2,47385
2023-09-25,Premium,1917713.554,54242
2023-09-26,Premium,1745024.076,49433
2023-09-27,Premium,1855719.037,52630
2023-09-28,Premium,1790521.243,51295
2023-09-29,Premium,1706740.602,48488
2023-09-30,Premium,1789829.117,50010
2023-10-01,Premium,2095758.757,59243
2023-10-02,Premium,1735127.869,46175
2023-10-03,Premium,1614709.75,42996
2023-10-04,Premium,1634723.262,43099
2023-10-05,Premium,1628286.92,42905
2023-10-06,Premium,2198611.884,57647
2023-10-07,Premium,1695033.236,44591
2023-10-08,Premium,1620330.701,42555
2023-10-09,Premium,1686220.68,44231
2023-10-10,Premium,1683260.26,45071
2023-10-11,Premium,1632928.296,44583
2023-10-12,Premium,1423223.286,38750
2023-10-13,Premium,1681291.803,44554
2023-10-14,Premium,2501770.639,65070
2023-10-15,Premium,1687062.259,44937
2023-10-16,Premium,1763152.16,46887
2023-10-17,Premium,1674082.707,44241
2023-10-18,Premium,1457156.255,39397
2023-10-19,Premium,1709229.558,45419
2023-10-20,Premium,1725678.335,45726
2023-10-21,Premium,1518578.835,40040
2023-10-22,Premium,1629870.13,42951
2023-10-23,Premium,1991619.784,56606
2023-10-24,Premium,1818029.996,51572
2023-10-25,Premium,1627479.071,46573
2023-10-26,Premium,1810298.77,50766
2023-10-27,Premium,1847277.617,51431
2023-10-28,Premium,1747057.382,48503
2023-10-29,Premium,1980647.202,55870
2023-10-30,Premium,1934485.413,54313
2023-10-31,Premium,1783764.389,50346
2023-11-01,Premium,1676574.588,47751
2023-11-02,Premium,1856297.477,51742
2023-11-03,Premium,1945896.117,53666
2023-11-04,Premium,1668564.15,46901
2023-11-05,Premium,1979134.881,56143
2023-11-06,Premium,1837453.821,48313
2023-11-07,Premium,1682756.513,44308
2023-11-08,Premium,1529863.614,40426
2023-11-09,Premium,1749610.51,46188
2023-11-10,Premium,1801811.44,47071
2023-11-11,Premium,1631049.006,42930
2023-11-12,Premium,1867555.49,48870
2023-11-13,Premium,1906560.36,50064
2023-11-14,Premium,1809115.14,48164
2023-11-15,Premium,1670819.78,45057
2023-11-16,Premium,1255536.684,32091
2022-11-16,Specialty,736879.9806,45937
2022-11-17,Specialty,714329.6426,44016
2022-11-18,Specialty,891718.6723,53672
2022-11-19,Specialty,744152.9574,45522
2022-11-20,Specialty,703448.8073,44277
2022-11-21,Specialty,715796.9352,44699
2022-11-22,Specialty,660018.0713,40463
2022-11-23,Specialty,745700.1996,50359
2022-11-24,Specialty,623886.806,43390
2022-11-25,Specialty,1080316.708,77759
2022-11-26,Specialty,868267.2545,60125
2022-11-27,Specialty,838877.423,58957
2022-11-28,Specialty,1130548.538,80500
2022-11-29,Specialty,917600.2525,63963
2022-11-30,Specialty,776252.6325,52029
2022-12-01,Specialty,704180.0774,48317
2022-12-02,Specialty,748884.8594,49278
2022-12-03,Specialty,719545.1261,47078
2022-12-04,Specialty,724592.6216,47939
2022-12-05,Specialty,714967.7438,46815
2022-12-06,Specialty,699459.0622,45174
2022-12-07,Specialty,705492.7618,45447
2022-12-08,Specialty,664963.7687,43296
2022-12-09,Specialty,730824.2118,47123
2022-12-10,Specialty,716004.2737,46189
2022-12-11,Specialty,726199.6154,47790
2022-12-12,Specialty,726685.2894,46897
2022-12-13,Specialty,734050.5823,47530
2022-12-14,Specialty,760293.6091,49966
2022-12-15,Specialty,704290.2449,46622
2022-12-16,Specialty,717060.7525,46136
2022-12-17,Specialty,739410.3179,47319
2022-12-18,Specialty,758853.2009,48945
2022-12-19,Specialty,747110.4274,46764
2022-12-20,Specialty,693945.4529,43608
2022-12-21,Specialty,658170.6018,40768
2022-12-22,Specialty,564853.5186,35200
2022-12-23,Specialty,578879.6816,35226
2022-12-24,Specialty,547906.1387,32349
2022-12-25,Specialty,269594.9102,17166
2022-12-26,Specialty,759449.2688,46539
2022-12-27,Specialty,758570.685,46233
2022-12-28,Specialty,765102.4955,47231
2022-12-29,Specialty,759849.2485,47764
2022-12-30,Specialty,747750.4586,45590
2022-12-31,Specialty,707884.9166,43459
2023-01-01,Specialty,718234.5019,43234
2023-01-02,Specialty,807310.0534,49804
2023-01-03,Specialty,744048.188,45679
2023-01-04,Specialty,751414.2489,46013
2023-01-05,Specialty,737732.0786,46195
2023-01-06,Specialty,700905.9118,44332
2023-01-07,Specialty,707321.5275,43583
2023-01-08,Specialty,777885.3353,48398
2023-01-09,Specialty,753906.5912,45255
2023-01-10,Specialty,713091.4302,43457
2023-01-11,Specialty,708219.4514,42953
2023-01-12,Specialty,712906.5123,43791
2023-01-13,Specialty,690919.3834,42039
2023-01-14,Specialty,720583.4251,43908
2023-01-15,Specialty,739152.1183,44912
2023-01-16,Specialty,742383.6848,45335
2023-01-17,Specialty,669909.0968,40748
2023-01-18,Specialty,709217.8207,42417
2023-01-19,Specialty,721193.1882,44457
2023-01-20,Specialty,667087.8566,42437
2023-01-21,Specialty,682263.4675,41917
2023-01-22,Specialty,755747.6019,46368
2023-01-23,Specialty,712101.2678,44577
2023-01-24,Specialty,687806.9357,41362
2023-01-25,Specialty,709380.6852,43938
2023-01-26,Specialty,725896.4489,45221
2023-01-27,Specialty,701916.6318,43310
2023-01-28,Specialty,744250.5096,44941
2023-01-29,Specialty,792470.4718,48368
2023-01-30,Specialty,915464.1754,57751
2023-01-31,Specialty,906194.9714,57284
2023-02-01,Specialty,880151.8,56660
2023-02-02,Specialty,858051.7702,56157
2023-02-03,Specialty,839765.4242,56880
2023-02-04,Specialty,824258.3903,53813
2023-02-05,Specialty,981137.8967,64799
2023-02-06,Specialty,777451.9956,48619
2023-02-07,Specialty,719858.0677,43728
2023-02-08,Specialty,734748.1543,44081
2023-02-09,Specialty,747896.0887,45133
2023-02-10,Specialty,701253.1202,43011
2023-02-11,Specialty,727358.5338,43024
2023-02-12,Specialty,728318.1996,43904
2023-02-13,Specialty,700458.2377,41276
2023-02-14,Specialty,676886.6594,40422
2023-02-15,Specialty,735623.703,44716
2023-02-16,Specialty,759815.1922,45964
2023-02-17,Specialty,725793.864,45125
2023-02-18,Specialty,727961.2861,44310
2023-02-19,Specialty,802374.0988,48551
2023-02-20,Specialty,776501.0361,46223
2023-02-21,Specialty,729170.1096,43427
2023-02-22,Specialty,774323.3544,46787
2023-02-23,Specialty,805485.5012,48397
2023-02-24,Specialty,742202.7069,45548
2023-02-25,Specialty,778002.2412,47549
2023-02-26,Specialty,834836.1144,49276
2023-02-27,Specialty,874502.3356,51445
2023-02-28,Specialty,842182.202,50069
2023-03-01,Specialty,826290.1332,50258
2023-03-02,Specialty,840824.0209,51020
2023-03-03,Specialty,798407.4209,49974
2023-03-04,Specialty,805029.1391,48731
2023-03-05,Specialty,844548.3195,51071
2023-03-06,Specialty,790713.121,46353
2023-03-07,Specialty,754611.0809,43795
2023-03-08,Specialty,790672.3907,47001
2023-03-09,Specialty,784399.0217,46269
2023-03-10,Specialty,732766.6869,43581
2023-03-11,Specialty,736778.0423,44216
2023-03-12,Specialty,787316.2696,45555
2023-03-13,Specialty,793223.3704,46937
2023-03-14,Specialty,799709.6916,47426
2023-03-15,Specialty,806194.5833,48829
2023-03-16,Specialty,801819.7917,47929
2023-03-17,Specialty,734589.9225,44205
2023-03-18,Specialty,777983.1576,46457
2023-03-19,Specialty,887952.5828,52481
2023-03-20,Specialty,888198.2083,55708
2023-03-21,Specialty,832049.5822,52175
2023-03-22,Specialty,847154.4039,53859
2023-03-23,Specialty,828419.0367,52211
2023-03-24,Specialty,782510.0032,50136
2023-03-25,Specialty,793793.8688,49745
2023-03-26,Specialty,991889.9143,63340
2023-03-27,Specialty,801388.1471,46846
2023-03-28,Specialty,753417.5937,43997
2023-03-29,Specialty,770830.0793,45151
2023-03-30,Specialty,816978.5836,48599
2023-03-31,Specialty,821674.7748,48299
2023-04-01,Specialty,763879.9083,45437
2023-04-02,Specialty,872772.5519,50764
2023-04-03,Specialty,824111.129,47534
2023-04-04,Specialty,744789.5328,43309
2023-04-05,Specialty,752827.0919,43247
2023-04-06,Specialty,765260.1825,44068
2023-04-07,Specialty,728547.9224,41798
2023-04-08,Specialty,708824.9219,39497
2023-04-09,Specialty,726347.7908,41241
2023-04-10,Specialty,828778.7827,48286
2023-04-11,Specialty,814842.3885,46959
2023-04-12,Specialty,813586.5642,46918
2023-04-13,Specialty,842256.4291,49127
2023-04-14,Specialty,810976.7518,47231
2023-04-15,Specialty,801240.1275,45474
2023-04-16,Specialty,858558.5988,49467
2023-04-17,Specialty,805067.514,46335
2023-04-18,Specialty,776065.0717,45745
2023-04-19,Specialty,801286.8446,46785
2023-04-20,Specialty,795337.1594,46682
2023-04-21,Specialty,756832.2841,45327
2023-04-22,Specialty,809668.9985,47646
2023-04-23,Specialty,908967.3459,51687
2023-04-24,Specialty,874653.6937,50043
2023-04-25,Specialty,832827.9391,47936
2023-04-26,Specialty,828684.9233,48247
2023-04-27,Specialty,857476.1272,49073
2023-04-28,Specialty,778934.4949,45024
2023-04-29,Specialty,852451.1903,49202
2023-04-30,Specialty,930295.7736,54209
2023-05-01,Specialty,922736.3993,56414
2023-05-02,Specialty,886312.4905,54122
2023-05-03,Specialty,921948.6464,57173
2023-05-04,Specialty,885189.0062,53568
2023-05-05,Specialty,791568.37,49369
2023-05-06,Specialty,791893.9187,48188
2023-05-07,Specialty,925842.0986,56371
2023-05-08,Specialty,840111.8828,48573
2023-05-09,Specialty,790458.3182,45993
2023-05-10,Specialty,816865.031,47341
2023-05-11,Specialty,815405.2331,47470
2023-05-12,Specialty,740859.9589,42474
2023-05-13,Specialty,756600.6133,42948
2023-05-14,Specialty,819563.4623,45922
2023-05-15,Specialty,863312.709,49102
2023-05-16,Specialty,821296.7539,47409
2023-05-17,Specialty,813804.1802,46946
2023-05-18,Specialty,853316.3724,49643
2023-05-19,Specialty,754416.0716,43700
2023-05-20,Specialty,768647.2286,44871
2023-05-21,Specialty,843813.9757,47554
2023-05-22,Specialty,839432.2224,47800
2023-05-23,Specialty,794245.7525,45020
2023-05-24,Specialty,840766.6632,48269
2023-05-25,Specialty,835735.9637,48148
2023-05-26,Specialty,736995.4199,43426
2023-05-27,Specialty,745254.9185,42370
2023-05-28,Specialty,757308.4495,42386
2023-05-29,Specialty,816287.5222,47140
2023-05-30,Specialty,901329.5769,51966
2023-05-31,Specialty,962255.3605,55225
2023-06-01,Specialty,920003.8392,54718
2023-06-02,Specialty,805942.5262,49078
2023-06-03,Specialty,794111.8415,47054
2023-06-04,Specialty,897229.7567,51551
2023-06-05,Specialty,866515.6337,50503
2023-06-06,Specialty,827327.3357,48517
2023-06-07,Specialty,860306.2512,49964
2023-06-08,Specialty,839004.7704,49244
2023-06-09,Specialty,761686.8711,46103
2023-06-10,Specialty,769122.0113,44582
2023-06-11,Specialty,867388.7611,50746
2023-06-12,Specialty,810154.7483,46373
2023-06-13,Specialty,781958.783,45605
2023-06-14,Specialty,845236.5108,48075
2023-06-15,Specialty,839765.6593,48551
2023-06-16,Specialty,761307.2091,44269
2023-06-17,Specialty,750489.9623,43513
2023-06-18,Specialty,802691.2715,45708
2023-06-19,Specialty,870096.7851,49294
2023-06-20,Specialty,867656.2555,52828
2023-06-21,Specialty,856404.9456,52809
2023-06-22,Specialty,863053.4488,54259
2023-06-23,Specialty,787470.08,49997
2023-06-24,Specialty,790152.0789,48362
2023-06-25,Specialty,865279.9876,52848
2023-06-26,Specialty,950333.4064,58464
2023-06-27,Specialty,796947.772,46920
2023-06-28,Specialty,852459.6178,49710
2023-06-29,Specialty,898171.5354,52585
2023-06-30,Specialty,823700.106,49097
2023-07-01,Specialty,775995.3506,44824
2023-07-02,Specialty,802990.4871,46196
2023-07-03,Specialty,798509.6521,46154
2023-07-04,Specialty,744571.3465,43084
2023-07-05,Specialty,863772.4994,49473
2023-07-06,Specialty,848608.89,50270
2023-07-07,Specialty,766043.0501,44759
2023-07-08,Specialty,781396.17,45591
2023-07-09,Specialty,874746.3854,50077
2023-07-10,Specialty,826847.5501,47267
2023-07-11,Specialty,790446.8525,45634
2023-07-12,Specialty,822324.2716,49063
2023-07-13,Specialty,840830.8048,50265
2023-07-14,Specialty,766532.8105,46672
2023-07-15,Specialty,781519.8032,46706
2023-07-16,Specialty,868532.2568,51496
2023-07-17,Specialty,855544.181,50707
2023-07-18,Specialty,822818.497,49083
2023-07-19,Specialty,868080.7418,51611
2023-07-20,Specialty,836943.3825,50247
2023-07-21,Specialty,769527.1634,46009
2023-07-22,Specialty,1082858.61,62350
2023-07-23,Specialty,838082.3475,49993
2023-07-24,Specialty,861976.2697,50796
2023-07-25,Specialty,852519.7285,49095
2023-07-26,Specialty,844739.8024,51283
2023-07-27,Specialty,723546.2122,44655
2023-07-28,Specialty,821413.504,49450
2023-07-29,Specialty,850638.5085,49800
2023-07-30,Specialty,863511.5246,51372
2023-07-31,Specialty,848043.9102,50260
2023-08-01,Specialty,861622.9305,51223
2023-08-02,Specialty,846777.8701,50025
2023-08-03,Specialty,793857.6599,48349
2023-08-04,Specialty,831008.29,50162
2023-08-05,Specialty,774923.7267,46602
2023-08-06,Specialty,749992.5997,44559
2023-08-07,Specialty,824698.4302,48717
2023-08-08,Specialty,806262.61,47660
2023-08-09,Specialty,802545.394,47512
2023-08-10,Specialty,736605.66,43975
2023-08-11,Specialty,806453.2699,48038
2023-08-12,Specialty,780334.8999,45484
2023-08-13,Specialty,780538.3299,47511
2023-08-14,Specialty,810619.52,45946
2023-08-15,Specialty,787106.2219,45914
2023-08-16,Specialty,789121.8698,45524
2023-08-17,Specialty,720767.8,41550
2023-08-18,Specialty,818699.8962,47346
2023-08-19,Specialty,764066.358,43823
2023-08-20,Specialty,774452.2802,44230
2023-08-21,Specialty,819322.4354,45395
2023-08-22,Specialty,835051.6215,47347
2023-08-23,Specialty,799702.5501,46281
2023-08-24,Specialty,732544.44,41859
2023-08-25,Specialty,852355.7385,50674
2023-08-26,Specialty,872408.1959,52455
2023-08-27,Specialty,873915.5332,53622
2023-08-28,Specialty,872951.518,53023
2023-08-29,Specialty,914639.783,54128
2023-08-30,Specialty,911613.4906,55797
2023-08-31,Specialty,899127.6382,55900
2023-09-01,Specialty,897391.4102,51943
2023-09-02,Specialty,775075.7598,44081
2023-09-03,Specialty,763364.3401,42937
2023-09-04,Specialty,830226.089,46846
2023-09-05,Specialty,529236.6468,29772
2023-09-06,Specialty,797403.2601,44662
2023-09-07,Specialty,801955.5299,45787
2023-09-08,Specialty,718489.2199,41197
2023-09-09,Specialty,754579.4499,42739
2023-09-10,Specialty,834752.1998,46505
2023-09-11,Specialty,784955.5703,43526
2023-09-12,Specialty,740818.2801,41782
2023-09-13,Specialty,797145.5799,44419
2023-09-14,Specialty,817492.0899,45452
2023-09-15,Specialty,715876.41,40870
2023-09-16,Specialty,753262.7601,42153
2023-09-17,Specialty,812453.2001,45394
2023-09-18,Specialty,824533.0484,45374
2023-09-19,Specialty,769339.9141,43494
2023-09-20,Specialty,808672.4056,45533
2023-09-21,Specialty,771857.8292,44125
2023-09-22,Specialty,705848.9841,39904
2023-09-23,Specialty,727922.9801,41623
2023-09-24,Specialty,798232.7899,44578
2023-09-25,Specialty,864123.503,51144
2023-09-26,Specialty,803358.136,48105
2023-09-27,Specialty,854736.7622,51592
2023-09-28,Specialty,852383.3742,51857
2023-09-29,Specialty,869839.5521,53414
2023-09-30,Specialty,845955.898,50467
2023-10-01,Specialty,974490.943,59739
2023-10-02,Specialty,831648.2859,46553
2023-10-03,Specialty,792532.7899,44731
2023-10-04,Specialty,778202.81,43350
2023-10-05,Specialty,762055.7677,42903
2023-10-06,Specialty,963103.247,53305
2023-10-07,Specialty,764298.5704,42160
2023-10-08,Specialty,751323.38,41625
2023-10-09,Specialty,779052.3901,43478
2023-10-10,Specialty,779441.1418,42866
2023-10-11,Specialty,767378.7499,43091
2023-10-12,Specialty,701271.3616,39425
2023-10-13,Specialty,809209.7726,45689
2023-10-14,Specialty,1027292.725,56374
2023-10-15,Specialty,801400.2297,44651
2023-10-16,Specialty,816832.3503,45654
2023-10-17,Specialty,752140.83,42328
2023-10-18,Specialty,701279.817,39875
2023-10-19,Specialty,786595.9298,44062
2023-10-20,Specialty,809037.1903,45085
2023-10-21,Specialty,710178.9405,40029
2023-10-22,Specialty,740659.2201,42160
2023-10-23,Specialty,844762.2169,49041
2023-10-24,Specialty,834417.2398,48748
2023-10-25,Specialty,757349.0841,45753
2023-10-26,Specialty,813454.8388,47205
2023-10-27,Specialty,867131.1737,50728
2023-10-28,Specialty,797604.8793,46329
2023-10-29,Specialty,925067.6296,53754
2023-10-30,Specialty,902243.4303,52998
2023-10-31,Specialty,830705.7756,49301
2023-11-01,Specialty,832585.7572,50266
2023-11-02,Specialty,875516.6024,51324
2023-11-03,Specialty,932004.0398,55259
2023-11-04,Specialty,819053.5596,48877
2023-11-05,Specialty,939558.9994,56579
2023-11-06,Specialty,859449.8657,49166
2023-11-07,Specialty,791675.6303,45264
2023-11-08,Specialty,746177.4987,43004
2023-11-09,Specialty,829163.0001,47622
2023-11-10,Specialty,825405.3302,47034
2023-11-11,Specialty,754796.6678,42936
2023-11-12,Specialty,856041.4699,48582
2023-11-13,Specialty,892093.7704,50034
2023-11-14,Specialty,820598.2686,46323
2023-11-15,Specialty,767218.7599,43586
2023-11-16,Specialty,507773.93,28140
2023-05-31,Premium,1895456.217,49428
2023-06-01,Premium,1705185.28,44818
2023-06-02,Premium,1443116.837,38286
2023-06-03,Premium,1549849.482,40511
2023-06-04,Premium,1825573.371,47180
2023-06-05,Premium,1700221.066,44662
2023-06-06,Premium,1604419.979,41750
2023-06-07,Premium,1624170.87,42389
2023-06-08,Premium,1601499.65,41844
2023-06-09,Premium,1394966.345,36809
2023-06-10,Premium,1524167.353,39952
2023-06-11,Premium,1845724.397,47270
2023-06-12,Premium,1682575.682,43117
2023-06-13,Premium,1578116.865,40717
2023-06-14,Premium,1718113.911,44403
2023-06-15,Premium,1662252.873,43160
2023-06-16,Premium,1450904.319,37847
2023-06-17,Premium,1521913.468,39258
2023-06-18,Premium,1717960.603,43851
2023-06-19,Premium,1769210.188,45751
2023-06-20,Premium,1887884.584,52312
2023-06-21,Premium,1815530.773,50156
2023-06-22,Premium,1796408.237,50645
2023-06-23,Premium,1610647.036,45326
2023-06-24,Premium,1687626.377,46367
2023-06-25,Premium,1872039.458,50091
2023-06-26,Premium,2013024.008,55495
2023-06-27,Premium,1639754.834,43016
2023-06-28,Premium,1660094.149,42998
2023-06-29,Premium,1717218.917,44253
2023-06-30,Premium,1521518.755,39828
2023-07-01,Premium,1508959.749,39185
2023-07-02,Premium,1629716.317,41896
2023-07-03,Premium,1526523.933,39752
2023-07-04,Premium,1520714.164,39248
2023-07-05,Premium,1711332.143,44545
2023-07-06,Premium,1656079.138,43911
2023-07-07,Premium,1440973.504,38786
2023-07-08,Premium,1549350.019,41494
2023-07-09,Premium,1843341.815,48564
2023-07-10,Premium,1686484.186,44219
2023-07-11,Premium,1580405.226,43331
2023-07-12,Premium,1594997.717,44464
2023-07-13,Premium,1635634.829,45440
2023-07-14,Premium,1403917.525,39046
2023-07-15,Premium,1511244.907,41204
2023-07-16,Premium,1787732.16,47658
2023-07-17,Premium,1691291.182,45015
2023-07-18,Premium,1563188.686,41524
2023-07-19,Premium,1644612.375,43980
2023-07-20,Premium,1587041.008,42596
2023-07-21,Premium,1401279.185,37939
2023-07-22,Premium,2405252.031,61682
2023-07-23,Premium,1675693.962,44197
2023-07-24,Premium,1681463.946,44018
2023-07-25,Premium,1645130.515,43721
2023-07-26,Premium,1625537.464,43387
2023-07-27,Premium,1389034.177,37412
2023-07-28,Premium,1622088.736,43217
2023-07-29,Premium,1714664.159,44829
2023-07-30,Premium,1826528.68,48053
2023-07-31,Premium,1733132.208,46039
2023-08-01,Premium,1668028.773,44169
2023-08-02,Premium,1659589.258,43870
2023-08-03,Premium,1451137.17,39214
2023-08-04,Premium,1648329.758,44217
2023-08-05,Premium,1661655.122,43735
2023-08-06,Premium,1628190.54,42744
2023-08-07,Premium,1693629.513,44476
2023-08-08,Premium,1669841.173,43437
2023-08-09,Premium,1616512.3,42642
2023-08-10,Premium,1434056.57,38383
2023-08-11,Premium,1642052.546,43405
2023-08-12,Premium,1694914.186,43951
2023-08-13,Premium,1719220.529,44851
2023-08-14,Premium,1709288.897,44792
2023-08-15,Premium,1712715.891,45252
2023-08-16,Premium,1674962.324,44603
2023-08-17,Premium,1450711.36,38440
2023-08-18,Premium,1677281.808,44072
2023-08-19,Premium,1632020.642,42220
2023-08-20,Premium,1660396.01,43199
2023-08-21,Premium,1674925.794,43850
2023-08-22,Premium,1694644.288,44338
2023-08-23,Premium,1635554.81,42992
2023-08-24,Premium,1396857.95,37605
2023-08-25,Premium,1865047.717,52493
2023-08-26,Premium,1989058.933,56563
2023-08-27,Premium,1933678.391,55702
2023-08-28,Premium,1885943.398,53804
2023-08-29,Premium,1887747.123,52643
2023-08-30,Premium,1901243.809,53351
2023-08-31,Premium,1798898.577,53017
2023-09-01,Premium,1732110.172,46203
2023-09-02,Premium,1590138.85,41554
2023-09-03,Premium,1522479.283,39852
2023-09-04,Premium,1657775.724,43573
2023-09-05,Premium,901470.7861,24626
2023-09-06,Premium,1619504.627,42157
2023-09-07,Premium,1632314.6,43207
2023-09-08,Premium,1396890.282,37607
2023-09-09,Premium,1568325.868,41465
2023-09-10,Premium,1818350.266,47448
2023-09-11,Premium,1675212.924,43735
2023-09-12,Premium,1598475.47,41829
2023-09-13,Premium,1659440.456,43375
2023-09-14,Premium,1686345.446,44071
2023-09-15,Premium,1437901.11,39183
2023-09-16,Premium,1596910.55,41993
2023-09-17,Premium,1791444.746,46910
2023-09-18,Premium,1721473.754,45460
2023-09-19,Premium,1634412.62,42863
2023-09-20,Premium,1708276.595,44473
2023-09-21,Premium,1650407.44,43599
2023-09-22,Premium,1390161.146,37002
2023-09-23,Premium,1592318.021,41918
2023-09-24,Premium,1806723.2,47385
2023-09-25,Premium,1917713.554,54242
2023-09-26,Premium,1745024.076,49433
2023-09-27,Premium,1855719.037,52630
2023-09-28,Premium,1790521.243,51295
2023-09-29,Premium,1706740.602,48488
2023-09-30,Premium,1789829.117,50010
2023-10-01,Premium,2095758.757,59243
2023-10-02,Premium,1735127.869,46175
2023-10-03,Premium,1614709.75,42996
2023-10-04,Premium,1634723.262,43099
2023-10-05,Premium,1628286.92,42905
2023-10-06,Premium,2198611.884,57647
2023-10-07,Premium,1695033.236,44591
2023-10-08,Premium,1620330.701,42555
2023-10-09,Premium,1686220.68,44231
2023-10-10,Premium,1683260.26,45071
2023-10-11,Premium,1632928.296,44583
2023-10-12,Premium,1423223.286,38750
2023-10-13,Premium,1681291.803,44554
2023-10-14,Premium,2501770.639,65070
2023-10-15,Premium,1687062.259,44937
2023-10-16,Premium,1763152.16,46887
2023-10-17,Premium,1674082.707,44241
2023-10-18,Premium,1457156.255,39397
2023-10-19,Premium,1709229.558,45419
2023-10-20,Premium,1725678.335,45726
2023-10-21,Premium,1518578.835,40040
2023-10-22,Premium,1629870.13,42951
2023-10-23,Premium,1991619.784,56606
2023-10-24,Premium,1818029.996,51572
2023-10-25,Premium,1627479.071,46573
2023-10-26,Premium,1810298.77,50766
2023-10-27,Premium,1847277.617,51431
2023-10-28,Premium,1747057.382,48503
2023-10-29,Premium,1980647.202,55870
2023-10-30,Premium,1934485.413,54313
2023-10-31,Premium,1783764.389,50346
2023-11-01,Premium,1676574.588,47751
2023-11-02,Premium,1856297.477,51742
2023-11-03,Premium,1945896.117,53666
2023-11-04,Premium,1668564.15,46901
2023-11-05,Premium,1979134.881,56143
2023-11-06,Premium,1837453.821,48313
2023-11-07,Premium,1682756.513,44308
2023-11-08,Premium,1529863.614,40426
2023-11-09,Premium,1749610.51,46188
2023-11-10,Premium,1801811.44,47071
2023-11-11,Premium,1631049.006,42930
2023-11-12,Premium,1867555.49,48870
2023-11-13,Premium,1906560.36,50064
2023-11-14,Premium,1809115.14,48164
2023-11-15,Premium,1670819.78,45057
2023-11-16,Premium,1255536.684,32091
2022-11-16,Specialty,736879.9806,45937
2022-11-17,Specialty,714329.6426,44016
2022-11-18,Specialty,891718.6723,53672
2022-11-19,Specialty,744152.9574,45522
2022-11-20,Specialty,703448.8073,44277
2022-11-21,Specialty,715796.9352,44699
2022-11-22,Specialty,660018.0713,40463
2022-11-23,Specialty,745700.1996,50359
2022-11-24,Specialty,623886.806,43390
2022-11-25,Specialty,1080316.708,77759
2022-11-26,Specialty,868267.2545,60125
2022-11-27,Specialty,838877.423,58957
2022-11-28,Specialty,1130548.538,80500
2022-11-29,Specialty,917600.2525,63963
2022-11-30,Specialty,776252.6325,52029
2022-12-01,Specialty,704180.0774,48317
2022-12-02,Specialty,748884.8594,49278
2022-12-03,Specialty,719545.1261,47078
2022-12-04,Specialty,724592.6216,47939
2022-12-05,Specialty,714967.7438,46815
2022-12-06,Specialty,699459.0622,45174
2022-12-07,Specialty,705492.7618,45447
2022-12-08,Specialty,664963.7687,43296
2022-12-09,Specialty,730824.2118,47123
2022-12-10,Specialty,716004.2737,46189
2022-12-11,Specialty,726199.6154,47790
2022-12-12,Specialty,726685.2894,46897
2022-12-13,Specialty,734050.5823,47530
2022-12-14,Specialty,760293.6091,49966
2022-12-15,Specialty,704290.2449,46622
2022-12-16,Specialty,717060.7525,46136
2022-12-17,Specialty,739410.3179,47319
2022-12-18,Specialty,758853.2009,48945
2022-12-19,Specialty,747110.4274,46764
2022-12-20,Specialty,693945.4529,43608
2022-12-21,Specialty,658170.6018,40768
2022-12-22,Specialty,564853.5186,35200
2022-12-23,Specialty,578879.6816,35226
2022-12-24,Specialty,547906.1387,32349
2022-12-25,Specialty,269594.9102,17166
2022-12-26,Specialty,759449.2688,46539
2022-12-27,Specialty,758570.685,46233
2022-12-28,Specialty,765102.4955,47231
2022-12-29,Specialty,759849.2485,47764
2022-12-30,Specialty,747750.4586,45590
2022-12-31,Specialty,707884.9166,43459
2023-01-01,Specialty,718234.5019,43234
2023-01-02,Specialty,807310.0534,49804
2023-01-03,Specialty,744048.188,45679
2023-01-04,Specialty,751414.2489,46013
2023-01-05,Specialty,737732.0786,46195
2023-01-06,Specialty,700905.9118,44332
2023-01-07,Specialty,707321.5275,43583
2023-01-08,Specialty,777885.3353,48398
2023-01-09,Specialty,753906.5912,45255
2023-01-10,Specialty,713091.4302,43457
2023-01-11,Specialty,708219.4514,42953
2023-01-12,Specialty,712906.5123,43791
2023-01-13,Specialty,690919.3834,42039
2023-01-14,Specialty,720583.4251,43908
2023-01-15,Specialty,739152.1183,44912
2023-01-16,Specialty,742383.6848,45335
2023-01-17,Specialty,669909.0968,40748
2023-01-18,Specialty,709217.8207,42417
2023-01-19,Specialty,721193.1882,44457
2023-01-20,Specialty,667087.8566,42437
2023-01-21,Specialty,682263.4675,41917
2023-01-22,Specialty,755747.6019,46368
2023-01-23,Specialty,712101.2678,44577
2023-01-24,Specialty,687806.9357,41362
2023-01-25,Specialty,709380.6852,43938
2023-01-26,Specialty,725896.4489,45221
2023-01-27,Specialty,701916.6318,43310
2023-01-28,Specialty,744250.5096,44941
2023-01-29,Specialty,792470.4718,48368
2023-01-30,Specialty,915464.1754,57751
2023-01-31,Specialty,906194.9714,57284
2023-02-01,Specialty,880151.8,56660
2023-02-02,Specialty,858051.7702,56157
2023-02-03,Specialty,839765.4242,56880
2023-02-04,Specialty,824258.3903,53813
2023-02-05,Specialty,981137.8967,64799
2023-02-06,Specialty,777451.9956,48619
2023-02-07,Specialty,719858.0677,43728
2023-02-08,Specialty,734748.1543,44081
2023-02-09,Specialty,747896.0887,45133
2023-02-10,Specialty,701253.1202,43011
2023-02-11,Specialty,727358.5338,43024
2023-02-12,Specialty,728318.1996,43904
2023-02-13,Specialty,700458.2377,41276
2023-02-14,Specialty,676886.6594,40422
2023-02-15,Specialty,735623.703,44716
2023-02-16,Specialty,759815.1922,45964
2023-02-17,Specialty,725793.864,45125
2023-02-18,Specialty,727961.2861,44310
2023-02-19,Specialty,802374.0988,48551
2023-02-20,Specialty,776501.0361,46223
2023-02-21,Specialty,729170.1096,43427
2023-02-22,Specialty,774323.3544,46787
2023-02-23,Specialty,805485.5012,48397
2023-02-24,Specialty,742202.7069,45548
2023-02-25,Specialty,778002.2412,47549
2023-02-26,Specialty,834836.1144,49276
2023-02-27,Specialty,874502.3356,51445
2023-02-28,Specialty,842182.202,50069
2023-03-01,Specialty,826290.1332,50258
2023-03-02,Specialty,840824.0209,51020
2023-03-03,Specialty,798407.4209,49974
2023-03-04,Specialty,805029.1391,48731
2023-03-05,Specialty,844548.3195,51071
2023-03-06,Specialty,790713.121,46353
2023-03-07,Specialty,754611.0809,43795
2023-03-08,Specialty,790672.3907,47001
2023-03-09,Specialty,784399.0217,46269
2023-03-10,Specialty,732766.6869,43581
2023-03-11,Specialty,736778.0423,44216
2023-03-12,Specialty,787316.2696,45555
2023-03-13,Specialty,793223.3704,46937
2023-03-14,Specialty,799709.6916,47426
2023-03-15,Specialty,806194.5833,48829
2023-03-16,Specialty,801819.7917,47929
2023-03-17,Specialty,734589.9225,44205
2023-03-18,Specialty,777983.1576,46457
2023-03-19,Specialty,887952.5828,52481
2023-03-20,Specialty,888198.2083,55708
2023-03-21,Specialty,832049.5822,52175
2023-03-22,Specialty,847154.4039,53859
2023-03-23,Specialty,828419.0367,52211
2023-03-24,Specialty,782510.0032,50136
2023-03-25,Specialty,793793.8688,49745
2023-03-26,Specialty,991889.9143,63340
2023-03-27,Specialty,801388.1471,46846
2023-03-28,Specialty,753417.5937,43997
2023-03-29,Specialty,770830.0793,45151
2023-03-30,Specialty,816978.5836,48599
2023-03-31,Specialty,821674.7748,48299
2023-04-01,Specialty,763879.9083,45437
2023-04-02,Specialty,872772.5519,50764
2023-04-03,Specialty,824111.129,47534
2023-04-04,Specialty,744789.5328,43309
2023-04-05,Specialty,752827.0919,43247
2023-04-06,Specialty,765260.1825,44068
2023-04-07,Specialty,728547.9224,41798
2023-04-08,Specialty,708824.9219,39497
2023-04-09,Specialty,726347.7908,41241
2023-04-10,Specialty,828778.7827,48286
2023-04-11,Specialty,814842.3885,46959
2023-04-12,Specialty,813586.5642,46918
2023-04-13,Specialty,842256.4291,49127
2023-04-14,Specialty,810976.7518,47231
2023-04-15,Specialty,801240.1275,45474
2023-04-16,Specialty,858558.5988,49467
2023-04-17,Specialty,805067.514,46335
2023-04-18,Specialty,776065.0717,45745
2023-04-19,Specialty,801286.8446,46785
2023-04-20,Specialty,795337.1594,46682
2023-04-21,Specialty,756832.2841,45327
2023-04-22,Specialty,809668.9985,47646
2023-04-23,Specialty,908967.3459,51687
2023-04-24,Specialty,874653.6937,50043
2023-04-25,Specialty,832827.9391,47936
2023-04-26,Specialty,828684.9233,48247
2023-04-27,Specialty,857476.1272,49073
2023-04-28,Specialty,778934.4949,45024
2023-04-29,Specialty,852451.1903,49202
2023-04-30,Specialty,930295.7736,54209
2023-05-01,Specialty,922736.3993,56414
2023-05-02,Specialty,886312.4905,54122
2023-05-03,Specialty,921948.6464,57173
2023-05-04,Specialty,885189.0062,53568
2023-05-05,Specialty,791568.37,49369
2023-05-06,Specialty,791893.9187,48188
2023-05-07,Specialty,925842.0986,56371
2023-05-08,Specialty,840111.8828,48573
2023-05-09,Specialty,790458.3182,45993
2023-05-10,Specialty,816865.031,47341
2023-05-11,Specialty,815405.2331,47470
2023-05-12,Specialty,740859.9589,42474
2023-05-13,Specialty,756600.6133,42948
2023-05-14,Specialty,819563.4623,45922
2023-05-15,Specialty,863312.709,49102
2023-05-16,Specialty,821296.7539,47409
2023-05-17,Specialty,813804.1802,46946
2023-05-18,Specialty,853316.3724,49643
2023-05-19,Specialty,754416.0716,43700
2023-05-20,Specialty,768647.2286,44871
2023-05-21,Specialty,843813.9757,47554
2023-05-22,Specialty,839432.2224,47800
2023-05-23,Specialty,794245.7525,45020
2023-05-24,Specialty,840766.6632,48269
2023-05-25,Specialty,835735.9637,48148
2023-05-26,Specialty,736995.4199,43426
2023-05-27,Specialty,745254.9185,42370
2023-05-28,Specialty,757308.4495,42386
2023-05-29,Specialty,816287.5222,47140
2023-05-30,Specialty,901329.5769,51966
2023-05-31,Specialty,962255.3605,55225
2023-06-01,Specialty,920003.8392,54718
2023-06-02,Specialty,805942.5262,49078
2023-06-03,Specialty,794111.8415,47054
2023-06-04,Specialty,897229.7567,51551
2023-06-05,Specialty,866515.6337,50503
2023-06-06,Specialty,827327.3357,48517
2023-06-07,Specialty,860306.2512,49964
2023-06-08,Specialty,839004.7704,49244
2023-06-09,Specialty,761686.8711,46103
2023-06-10,Specialty,769122.0113,44582
2023-06-11,Specialty,867388.7611,50746
2023-06-12,Specialty,810154.7483,46373
2023-06-13,Specialty,781958.783,45605
2023-06-14,Specialty,845236.5108,48075
2023-06-15,Specialty,839765.6593,48551
2023-06-16,Specialty,761307.2091,44269
2023-06-17,Specialty,750489.9623,43513
2023-06-18,Specialty,802691.2715,45708
2023-06-19,Specialty,870096.7851,49294
2023-06-20,Specialty,867656.2555,52828
2023-06-21,Specialty,856404.9456,52809
2023-06-22,Specialty,863053.4488,54259
2023-06-23,Specialty,787470.08,49997
2023-06-24,Specialty,790152.0789,48362
2023-06-25,Specialty,865279.9876,52848
2023-06-26,Specialty,950333.4064,58464
2023-06-27,Specialty,796947.772,46920
2023-06-28,Specialty,852459.6178,49710
2023-06-29,Specialty,898171.5354,52585
2023-06-30,Specialty,823700.106,49097
2023-07-01,Specialty,775995.3506,44824
2023-07-02,Specialty,802990.4871,46196
2023-07-03,Specialty,798509.6521,46154
2023-07-04,Specialty,744571.3465,43084
2023-07-05,Specialty,863772.4994,49473
2023-07-06,Specialty,848608.89,50270
2023-07-07,Specialty,766043.0501,44759
2023-07-08,Specialty,781396.17,45591
2023-07-09,Specialty,874746.3854,50077
2023-07-10,Specialty,826847.5501,47267
2023-07-11,Specialty,790446.8525,45634
2023-07-12,Specialty,822324.2716,49063
2023-07-13,Specialty,840830.8048,50265
2023-07-14,Specialty,766532.8105,46672
2023-07-15,Specialty,781519.8032,46706
2023-07-16,Specialty,868532.2568,51496
2023-07-17,Specialty,855544.181,50707
2023-07-18,Specialty,822818.497,49083
2023-07-19,Specialty,868080.7418,51611
2023-07-20,Specialty,836943.3825,50247
2023-07-21,Specialty,769527.1634,46009
2023-07-22,Specialty,1082858.61,62350
2023-07-23,Specialty,838082.3475,49993
2023-07-24,Specialty,861976.2697,50796
2023-07-25,Specialty,852519.7285,49095
2023-07-26,Specialty,844739.8024,51283
2023-07-27,Specialty,723546.2122,44655
2023-07-28,Specialty,821413.504,49450
2023-07-29,Specialty,850638.5085,49800
2023-07-30,Specialty,863511.5246,51372
2023-07-31,Specialty,848043.9102,50260
2023-08-01,Specialty,861622.9305,51223
2023-08-02,Specialty,846777.8701,50025
2023-08-03,Specialty,793857.6599,48349
2023-08-04,Specialty,831008.29,50162
2023-08-05,Specialty,774923.7267,46602
2023-08-06,Specialty,749992.5997,44559
2023-08-07,Specialty,824698.4302,48717
2023-08-08,Specialty,806262.61,47660
2023-08-09,Specialty,802545.394,47512
2023-08-10,Specialty,736605.66,43975
2023-08-11,Specialty,806453.2699,48038
2023-08-12,Specialty,780334.8999,45484
2023-08-13,Specialty,780538.3299,47511
2023-08-14,Specialty,810619.52,45946
2023-08-15,Specialty,787106.2219,45914
2023-08-16,Specialty,789121.8698,45524
2023-08-17,Specialty,720767.8,41550
2023-08-18,Specialty,818699.8962,47346
2023-08-19,Specialty,764066.358,43823
2023-08-20,Specialty,774452.2802,44230
2023-08-21,Specialty,819322.4354,45395
2023-08-22,Specialty,835051.6215,47347
2023-08-23,Specialty,799702.5501,46281
2023-08-24,Specialty,732544.44,41859
2023-08-25,Specialty,852355.7385,50674
2023-08-26,Specialty,872408.1959,52455
2023-08-27,Specialty,873915.5332,53622
2023-08-28,Specialty,872951.518,53023
2023-08-29,Specialty,914639.783,54128
2023-08-30,Specialty,911613.4906,55797
2023-08-31,Specialty,899127.6382,55900
2023-09-01,Specialty,897391.4102,51943
2023-09-02,Specialty,775075.7598,44081
2023-09-03,Specialty,763364.3401,42937
2023-09-04,Specialty,830226.089,46846
2023-09-05,Specialty,529236.6468,29772
2023-09-06,Specialty,797403.2601,44662
2023-09-07,Specialty,801955.5299,45787
2023-09-08,Specialty,718489.2199,41197
2023-09-09,Specialty,754579.4499,42739
2023-09-10,Specialty,834752.1998,46505
2023-09-11,Specialty,784955.5703,43526
2023-09-12,Specialty,740818.2801,41782
2023-09-13,Specialty,797145.5799,44419
2023-09-14,Specialty,817492.0899,45452
2023-09-15,Specialty,715876.41,40870
2023-09-16,Specialty,753262.7601,42153
2023-09-17,Specialty,812453.2001,45394
2023-09-18,Specialty,824533.0484,45374
2023-09-19,Specialty,769339.9141,43494
2023-09-20,Specialty,808672.4056,45533
2023-09-21,Specialty,771857.8292,44125
2023-09-22,Specialty,705848.9841,39904
2023-09-23,Specialty,727922.9801,41623
2023-09-24,Specialty,798232.7899,44578
2023-09-25,Specialty,864123.503,51144
2023-09-26,Specialty,803358.136,48105
2023-09-27,Specialty,854736.7622,51592
2023-09-28,Specialty,852383.3742,51857
2023-09-29,Specialty,869839.5521,53414
2023-09-30,Specialty,845955.898,50467
2023-10-01,Specialty,974490.943,59739
2023-10-02,Specialty,831648.2859,46553
2023-10-03,Specialty,792532.7899,44731
2023-10-04,Specialty,778202.81,43350
2023-10-05,Specialty,762055.7677,42903
2023-10-06,Specialty,963103.247,53305
2023-10-07,Specialty,764298.5704,42160
2023-10-08,Specialty,751323.38,41625
2023-10-09,Specialty,779052.3901,43478
2023-10-10,Specialty,779441.1418,42866
2023-10-11,Specialty,767378.7499,43091
2023-10-12,Specialty,701271.3616,39425
2023-10-13,Specialty,809209.7726,45689
2023-10-14,Specialty,1027292.725,56374
2023-10-15,Specialty,801400.2297,44651
2023-10-16,Specialty,816832.3503,45654
2023-10-17,Specialty,752140.83,42328
2023-10-18,Specialty,701279.817,39875
2023-10-19,Specialty,786595.9298,44062
2023-10-20,Specialty,809037.1903,45085
2023-10-21,Specialty,710178.9405,40029
2023-10-22,Specialty,740659.2201,42160
2023-10-23,Specialty,844762.2169,49041
2023-10-24,Specialty,834417.2398,48748
2023-10-25,Specialty,757349.0841,45753
2023-10-26,Specialty,813454.8388,47205
2023-10-27,Specialty,867131.1737,50728
2023-10-28,Specialty,797604.8793,46329
2023-10-29,Specialty,925067.6296,53754
2023-10-30,Specialty,902243.4303,52998
2023-10-31,Specialty,830705.7756,49301
2023-11-01,Specialty,832585.7572,50266
2023-11-02,Specialty,875516.6024,51324
2023-11-03,Specialty,932004.0398,55259
2023-11-04,Specialty,819053.5596,48877
2023-11-05,Specialty,939558.9994,56579
2023-11-06,Specialty,859449.8657,49166
2023-11-07,Specialty,791675.6303,45264
2023-11-08,Specialty,746177.4987,43004
2023-11-09,Specialty,829163.0001,47622
2023-11-10,Specialty,825405.3302,47034
2023-11-11,Specialty,754796.6678,42936
2023-11-12,Specialty,856041.4699,48582
2023-11-13,Specialty,892093.7704,50034
2023-11-14,Specialty,820598.2686,46323
2023-11-15,Specialty,767218.7599,43586
2023-11-16,Specialty,507773.93,28140